item_id,vendor_id,vendor_name,source,source_index,source_vendor_name,title,description,price_cents,category,tags,calories,protein,fat,carbs,ingest_ts,calories_imputed_model,calories_source,calories_confidence,model_pred_calories,model_calories_confidence
hb-i1,51ef1dc9,healthybee,vendor_menus.json,0,Healthybee,Paneer Sprouts Salad,"Cottage cheese, mixed sprouts, cucumber, tomato, light dressing.",259,,['high-protein' 'low-calorie' 'low-sodium'],180.0,12.0,8.0,10.0,2025-12-16T13:42:42.742658,,,,155.47906492932947,0.7
hb-i2,51ef1dc9,healthybee,vendor_menus.json,1,Healthybee,Quinoa & Roasted Veg Bowl,"Quinoa, seasonal roasted vegetables, seeds.",220,,['high-fiber' 'low-calorie' 'balanced-meal'],320.0,9.0,8.0,45.0,2025-12-16T13:42:42.742686,,,,304.12448293677625,0.7
sg-i1,3264c85c,swad gomantak,vendor_menus.json,0,Swad Gomantak,Grilled Fish Thali (light),"Grilled fish, brown rice, salad; minimal oil.",299,,['low-sodium' 'high-protein'],380.0,32.0,10.0,38.0,2025-12-16T13:42:42.742700,,,,325.66542613587256,0.7
sg-i2,3264c85c,swad gomantak,vendor_menus.json,1,Swad Gomantak,Veg Pulao (light),Mixed veg pulao with light seasoning.,150,,['light-clean' 'balanced-meal'],260.0,6.0,4.0,52.0,2025-12-16T13:42:42.742704,,,,252.34845595252102,0.7
skv-i1,991883c1,shree krishna veg,vendor_menus.json,0,Shree Krishna Veg,Moong Dal Chilla Wrap,Moong dal chilla stuffed with greens.,120,,['high-protein-snack' 'low-calorie'],160.0,11.0,4.0,18.0,2025-12-16T13:42:42.742712,,,,163.09963839134574,0.7
51ef1dc9-0,51ef1dc9,healthybee,partner_menus.json,0,Healthybee,Paneer Sprouts Salad,,259,,,161.9514766924047,,,,2025-12-16T13:42:42.742736,True,manual_review,1.0,148.3416540273115,0.7
51ef1dc9-1,51ef1dc9,healthybee,partner_menus.json,1,Healthybee,Spinach Paneer Bhurji Chapati Meal,,294,,,293.59723095701713,,,,2025-12-16T13:42:42.742745,True,manual_review,1.0,289.61415401650703,0.7
51ef1dc9-2,51ef1dc9,healthybee,partner_menus.json,2,Healthybee,Non-Veg High Protein Meal Box,,401,,,239.75630196920707,,,,2025-12-16T13:42:42.742751,True,manual_review,1.0,237.45780534676211,0.7
51ef1dc9-3,51ef1dc9,healthybee,partner_menus.json,3,Healthybee,Rajma Masala Brown Rice Meal Box,,319,,,140.56576944219438,,,,2025-12-16T13:42:42.742756,True,manual_review,1.0,150.67582010117647,0.7
51ef1dc9-4,51ef1dc9,healthybee,partner_menus.json,4,Healthybee,Protein Rich Chickpea Curry Brown Rice Meal Box,,314,,,207.05693007371215,,,,2025-12-16T13:42:42.742761,True,manual_review,1.0,208.07234834996595,0.7
51ef1dc9-5,51ef1dc9,healthybee,partner_menus.json,5,Healthybee,Chicken Tikka Wrap,,265,,,153.27408260524118,,,,2025-12-16T13:42:42.742765,True,manual_review,1.0,156.69893983843477,0.7
51ef1dc9-6,51ef1dc9,healthybee,partner_menus.json,6,Healthybee,Protein Rich Chickpea Wrap,,257,,,218.87410614645069,,,,2025-12-16T13:42:42.742769,True,manual_review,1.0,216.81131654073417,0.7
51ef1dc9-7,51ef1dc9,healthybee,partner_menus.json,7,Healthybee,Strawberry Banana Chia Smoothie,,209,,,95.97577063508014,,,,2025-12-16T13:42:42.742774,True,manual_review,1.0,102.13592542170501,0.7
51ef1dc9-8,51ef1dc9,healthybee,partner_menus.json,8,Healthybee,Protein Rich Chickpea Sandwich,,200,,,207.64367751596825,,,,2025-12-16T13:42:42.742778,True,manual_review,1.0,207.95700499615467,0.7
51ef1dc9-9,51ef1dc9,healthybee,partner_menus.json,9,Healthybee,Chicken Tikka Sandwich,,208,,,148.94204847455933,,,,2025-12-16T13:42:42.742782,True,manual_review,1.0,150.25358348225996,0.7
51ef1dc9-10,51ef1dc9,healthybee,partner_menus.json,10,Healthybee,Only Peri Peri Grilled Chicken [200 gm],,349,,,253.55245421637443,,,,2025-12-16T13:42:42.742786,True,manual_review,1.0,216.5290375465333,0.7
51ef1dc9-11,51ef1dc9,healthybee,partner_menus.json,11,Healthybee,Purple Rice,,169,,,167.14108795095393,,,,2025-12-16T13:42:42.742791,True,manual_review,1.0,168.7589650705628,0.7
51ef1dc9-12,51ef1dc9,healthybee,partner_menus.json,12,Healthybee,Quinoa Chicken Tabbouleh Salad,,349,,,203.7442753732924,,,,2025-12-16T13:42:42.742795,True,manual_review,1.0,202.85552450216778,0.7
51ef1dc9-13,51ef1dc9,healthybee,partner_menus.json,13,Healthybee,Quinoa Paneer Tabbouleh Salad,,319,,,259.2241063004478,,,,2025-12-16T13:42:42.742799,True,manual_review,1.0,253.97548150581665,0.7
51ef1dc9-14,51ef1dc9,healthybee,partner_menus.json,14,Healthybee,Paneer Burrito Bowl,,319,,,249.2240597727543,,,,2025-12-16T13:42:42.742803,True,manual_review,1.0,247.00097947934492,0.7
51ef1dc9-15,51ef1dc9,healthybee,partner_menus.json,15,Healthybee,Chicken Grilled Sandwich,,197,,,198.47130501279185,,,,2025-12-16T13:42:42.742808,True,manual_review,1.0,198.02902431333118,0.7
51ef1dc9-16,51ef1dc9,healthybee,partner_menus.json,16,Healthybee,Paneer Tikka Grilled Sandwich,,208,,,226.24802560289905,,,,2025-12-16T13:42:42.742812,True,manual_review,1.0,226.4493452662941,0.7
51ef1dc9-17,51ef1dc9,healthybee,partner_menus.json,17,Healthybee,Veg Grilled Sandwich,,169,,,223.6415823631425,,,,2025-12-16T13:42:42.742816,True,manual_review,1.0,217.72737589294337,0.7
51ef1dc9-18,51ef1dc9,healthybee,partner_menus.json,18,Healthybee,Punjabi Club Grilled Sandwich,,251,,,213.30159263123895,,,,2025-12-16T13:42:42.742820,True,manual_review,1.0,212.76805066805144,0.7
51ef1dc9-19,51ef1dc9,healthybee,partner_menus.json,19,Healthybee,Chicken Coleslaw Sandwich,,192,,,159.32754482699448,,,,2025-12-16T13:42:42.742824,True,manual_review,1.0,161.09577887305392,0.7
51ef1dc9-20,51ef1dc9,healthybee,partner_menus.json,20,Healthybee,Omelette Chicken Decker Sandwich,,299,,,155.66971291968687,,,,2025-12-16T13:42:42.742831,True,manual_review,1.0,166.95703482658385,0.7
51ef1dc9-21,51ef1dc9,healthybee,partner_menus.json,21,Healthybee,Veg Sandwich,,136,,,195.59119032481533,,,,2025-12-16T13:42:42.742835,True,manual_review,1.0,194.36264785734798,0.7
51ef1dc9-22,51ef1dc9,healthybee,partner_menus.json,22,Healthybee,Chicken Mayo Grilled Sandwich,,219,,,198.47130501279185,,,,2025-12-16T13:42:42.742839,True,manual_review,1.0,198.25680657599432,0.7
51ef1dc9-23,51ef1dc9,healthybee,partner_menus.json,23,Healthybee,Bite into the goodness of chicken and mayonnaise enveloped in multi-grain grilled sandwich.,,181,,,198.47130501279185,,,,2025-12-16T13:42:42.742844,True,manual_review,1.0,198.42321124739868,0.7
51ef1dc9-24,51ef1dc9,healthybee,partner_menus.json,24,Healthybee,Boiled Egg Sandwich,,181,,,143.74070405982,,,,2025-12-16T13:42:42.742849,True,manual_review,1.0,144.77984556729524,0.7
51ef1dc9-25,51ef1dc9,healthybee,partner_menus.json,25,Healthybee,Veg Coleslaw Sandwich,,169,,,195.59119032481533,,,,2025-12-16T13:42:42.742855,True,manual_review,1.0,183.94956071748976,0.7
51ef1dc9-26,51ef1dc9,healthybee,partner_menus.json,26,Healthybee,Cheese Chilli Grilled Sandwich,,191,,,213.30159263123895,,,,2025-12-16T13:42:42.742860,True,manual_review,1.0,212.58415391245762,0.7
51ef1dc9-27,51ef1dc9,healthybee,partner_menus.json,27,Healthybee,Paneer Peri Peri Salad,,279,,,258.01999321236207,,,,2025-12-16T13:42:42.742864,True,manual_review,1.0,250.88019233826506,0.7
51ef1dc9-28,51ef1dc9,healthybee,partner_menus.json,28,Healthybee,Peri - Peri Chicken Salad,,299,,,210.69991239975803,,,,2025-12-16T13:42:42.742868,True,manual_review,1.0,187.61594124452324,0.7
51ef1dc9-29,51ef1dc9,healthybee,partner_menus.json,29,Healthybee,Jamaican Jerk Chicken Salad,,299,,,119.7039219703512,,,,2025-12-16T13:42:42.742872,True,manual_review,1.0,122.98626217633812,0.7
51ef1dc9-30,51ef1dc9,healthybee,partner_menus.json,30,Healthybee,Basil Pesto Chicken Salad,,299,,,119.7039219703512,,,,2025-12-16T13:42:42.742876,True,manual_review,1.0,122.91172468302021,0.7
51ef1dc9-31,51ef1dc9,healthybee,partner_menus.json,31,Healthybee,Creamy Garlic Chicken Salad,,319,,,119.7039219703512,,,,2025-12-16T13:42:42.742880,True,manual_review,1.0,122.98172330088516,0.7
51ef1dc9-32,51ef1dc9,healthybee,partner_menus.json,32,Healthybee,Steamed Chicken Salad - Lean Protein,,299,,,156.06749584246722,,,,2025-12-16T13:42:42.742884,True,manual_review,1.0,156.49960667354276,0.7
51ef1dc9-33,51ef1dc9,healthybee,partner_menus.json,33,Healthybee,Zesty Herbs Grilled Paneer Salad,,279,,,259.5166711051805,,,,2025-12-16T13:42:42.742888,True,manual_review,1.0,253.62535969978973,0.7
51ef1dc9-34,51ef1dc9,healthybee,partner_menus.json,34,Healthybee,Classic Grill Chicken Salad,,299,,,119.7039219703512,,,,2025-12-16T13:42:42.742893,True,manual_review,1.0,139.8725805615809,0.7
51ef1dc9-35,51ef1dc9,healthybee,partner_menus.json,35,Healthybee,Sprouts Salad,,194,,,48.92196680725704,,,,2025-12-16T13:42:42.742897,True,manual_review,1.0,61.02381296193482,0.7
51ef1dc9-36,51ef1dc9,healthybee,partner_menus.json,36,Healthybee,Fruit Sprouts Salad,,230,,,40.36885037411554,,,,2025-12-16T13:42:42.742901,True,manual_review,1.0,49.87561403983182,0.7
51ef1dc9-37,51ef1dc9,healthybee,partner_menus.json,37,Healthybee,Paneer Salad,,240,,,210.5113496937364,,,,2025-12-16T13:42:42.742905,True,manual_review,1.0,199.01493751025995,0.7
51ef1dc9-38,51ef1dc9,healthybee,partner_menus.json,38,Healthybee,Boiled Eggs Salad,,204,,,135.63816977001315,,,,2025-12-16T13:42:42.742909,True,manual_review,1.0,137.54123702792592,0.7
51ef1dc9-39,51ef1dc9,healthybee,partner_menus.json,39,Healthybee,Chickpea Beetroot Salad,,249,,,183.457320509629,,,,2025-12-16T13:42:42.742913,True,manual_review,1.0,182.95339565487532,0.7
51ef1dc9-40,51ef1dc9,healthybee,partner_menus.json,40,Healthybee,Corn Sprouts Salad,,194,,,40.36885037411554,,,,2025-12-16T13:42:42.742917,True,manual_review,1.0,49.68036642091536,0.7
51ef1dc9-41,51ef1dc9,healthybee,partner_menus.json,41,Healthybee,Corn Salad,,194,,,114.7699831377132,,,,2025-12-16T13:42:42.742921,True,manual_review,1.0,131.39492481113155,0.7
51ef1dc9-42,51ef1dc9,healthybee,partner_menus.json,42,Healthybee,Chicken Curry Brown Rice Meal Box,,324,,,172.49072757602647,,,,2025-12-16T13:42:42.742925,True,manual_review,1.0,177.6897474448372,0.7
51ef1dc9-43,51ef1dc9,healthybee,partner_menus.json,43,Healthybee,Palak Paneer Chapati Meal Box,,274,,,302.1933309390877,,,,2025-12-16T13:42:42.742930,True,manual_review,1.0,301.5549562476018,0.7
51ef1dc9-44,51ef1dc9,healthybee,partner_menus.json,44,Healthybee,Protein Rich Chickpea Curry Chapati Meal Box,,294,,,292.04947755309814,,,,2025-12-16T13:42:42.742934,True,manual_review,1.0,287.0025035465965,0.7
51ef1dc9-45,51ef1dc9,healthybee,partner_menus.json,45,Healthybee,Chicken Curry Chapati Meal Box,,299,,,282.0738242087336,,,,2025-12-16T13:42:42.742938,True,manual_review,1.0,273.2895546652046,0.7
51ef1dc9-46,51ef1dc9,healthybee,partner_menus.json,46,Healthybee,Palak Paneer Brown Rice Meal Box,,294,,,251.24301526399609,,,,2025-12-16T13:42:42.742942,True,manual_review,1.0,242.60276932336959,0.7
51ef1dc9-47,51ef1dc9,healthybee,partner_menus.json,47,Healthybee,Rajma Masala Chapati Meal Box,,309,,,222.1645603191496,,,,2025-12-16T13:42:42.742946,True,manual_review,1.0,224.52907425119514,0.7
51ef1dc9-48,51ef1dc9,healthybee,partner_menus.json,48,Healthybee,Paneer Wrap,,251,,,258.6822317672699,,,,2025-12-16T13:42:42.742950,True,manual_review,1.0,252.94265429487592,0.7
51ef1dc9-49,51ef1dc9,healthybee,partner_menus.json,49,Healthybee,Chicken Egg Wrap,,284,,,159.75791039092562,,,,2025-12-16T13:42:42.742954,True,manual_review,1.0,160.6223507417291,0.7
51ef1dc9-50,51ef1dc9,healthybee,partner_menus.json,50,Healthybee,"Packed with eggs, chicken, and vegetables, this wheat paratha wrap is prepared in olive oil.",,207,,,165.61171660741994,,,,2025-12-16T13:42:42.742958,True,manual_review,1.0,189.24536718388924,0.7
51ef1dc9-51,51ef1dc9,healthybee,partner_menus.json,51,Healthybee,Corn Veggie Wrap,,207,,,166.5792053383477,,,,2025-12-16T13:42:42.742962,True,manual_review,1.0,181.93700366260848,0.7
51ef1dc9-52,51ef1dc9,healthybee,partner_menus.json,52,Healthybee,Chicken Wrap,,262,,,180.16270429281553,,,,2025-12-16T13:42:42.742966,True,manual_review,1.0,179.92835141927983,0.7
51ef1dc9-53,51ef1dc9,healthybee,partner_menus.json,53,Healthybee,Egg Wrap,,207,,,174.04490179763636,,,,2025-12-16T13:42:42.742971,True,manual_review,1.0,173.84571554219974,0.7
51ef1dc9-54,51ef1dc9,healthybee,partner_menus.json,54,Healthybee,Spinach Egg White Omelette (Protein &amp; Iron Rich),,189,,,157.46717680540857,,,,2025-12-16T13:42:42.742975,True,manual_review,1.0,159.98423330944937,0.7
51ef1dc9-55,51ef1dc9,healthybee,partner_menus.json,55,Healthybee,Chicken Omelette ( Lean Protein Source ),,249,,,156.17305937650792,,,,2025-12-16T13:42:42.742979,True,manual_review,1.0,157.93231035513682,0.7
51ef1dc9-56,51ef1dc9,healthybee,partner_menus.json,56,Healthybee,Double Deck Chicken Omelette,,259,,,155.7582602832888,,,,2025-12-16T13:42:42.742983,True,manual_review,1.0,157.17348246073283,0.7
51ef1dc9-57,51ef1dc9,healthybee,partner_menus.json,57,Healthybee,Spinach Egg White Bhurji (Protein &amp; Iron Rich),,249,,,170.1476790198509,,,,2025-12-16T13:42:42.742987,True,manual_review,1.0,170.93070126478852,0.7
51ef1dc9-58,51ef1dc9,healthybee,partner_menus.json,58,Healthybee,Boiled Eggs (3 Pcs),,89,,,165.69510578291667,,,,2025-12-16T13:42:42.742991,True,manual_review,1.0,166.54794914690083,0.7
51ef1dc9-59,51ef1dc9,healthybee,partner_menus.json,59,Healthybee,"Masala Omelette (Healthy Bhi, Desi Bhi)",,159,,,181.9101029692392,,,,2025-12-16T13:42:42.742995,True,manual_review,1.0,181.99412033794042,0.7
51ef1dc9-60,51ef1dc9,healthybee,partner_menus.json,60,Healthybee,Chicken Brown Rice Bowl,,299,,,186.10511245377091,,,,2025-12-16T13:42:42.742999,True,manual_review,1.0,186.47081033692547,0.7
51ef1dc9-61,51ef1dc9,healthybee,partner_menus.json,61,Healthybee,Paneer Brown Rice Bowl,,274,,,243.7646228482736,,,,2025-12-16T13:42:42.743003,True,manual_review,1.0,242.08958967761373,0.7
51ef1dc9-62,51ef1dc9,healthybee,partner_menus.json,62,Healthybee,Veg Brown Rice Bowl,,240,,,208.613466441624,,,,2025-12-16T13:42:42.743007,True,manual_review,1.0,207.43630707400135,0.7
51ef1dc9-63,51ef1dc9,healthybee,partner_menus.json,63,Healthybee,Egg Brown Rice Bowl,,274,,,181.5141111495551,,,,2025-12-16T13:42:42.743011,True,manual_review,1.0,182.54893481871667,0.7
51ef1dc9-64,51ef1dc9,healthybee,partner_menus.json,64,Healthybee,Banana Date Smoothie,,220,,,95.85381794090912,,,,2025-12-16T13:42:42.743017,True,manual_review,1.0,101.70898675501877,0.7
51ef1dc9-65,51ef1dc9,healthybee,partner_menus.json,65,Healthybee,Banana Milkshake,,139,,,91.6185582146488,,,,2025-12-16T13:42:42.743021,True,manual_review,1.0,109.34199674604315,0.7
51ef1dc9-66,51ef1dc9,healthybee,partner_menus.json,66,Healthybee,Apple Banana Milkshake,,165,,,89.13717120907903,,,,2025-12-16T13:42:42.743025,True,manual_review,1.0,97.44250859675812,0.7
51ef1dc9-67,51ef1dc9,healthybee,partner_menus.json,67,Healthybee,"Healthy and flavorful shake prepared with milk, apple, and banana.",,155,,,129.25225762380347,,,,2025-12-16T13:42:42.743030,True,manual_review,1.0,175.21378046628735,0.7
51ef1dc9-68,51ef1dc9,healthybee,partner_menus.json,68,Healthybee,Apple Milkshake,,155,,,63.88993403417882,,,,2025-12-16T13:42:42.743034,True,manual_review,1.0,143.41958410261597,0.7
51ef1dc9-69,51ef1dc9,healthybee,partner_menus.json,69,Healthybee,Pomegranate Juice [sugar-free],,165,,,167.28626289329247,,,,2025-12-16T13:42:42.743038,True,manual_review,1.0,168.92186519993388,0.7
51ef1dc9-70,51ef1dc9,healthybee,partner_menus.json,70,Healthybee,Basil Papaya Juice [sugar-free],,155,,,167.28626289329247,,,,2025-12-16T13:42:42.743042,True,manual_review,1.0,173.13637783881455,0.7
51ef1dc9-71,51ef1dc9,healthybee,partner_menus.json,71,Healthybee,Carrot Beetroot Juice [sugar-free],,155,,,209.24520489992327,,,,2025-12-16T13:42:42.743048,True,manual_review,1.0,183.30522202680368,0.7
51ef1dc9-72,51ef1dc9,healthybee,partner_menus.json,72,Healthybee,Basil Watermelon Juice [sugar-free],,155,,,167.28626289329247,,,,2025-12-16T13:42:42.743052,True,manual_review,1.0,173.13637783881455,0.7
51ef1dc9-73,51ef1dc9,healthybee,partner_menus.json,73,Healthybee,Balance Fruit Bowl,,184,,,195.69552879636527,,,,2025-12-16T13:42:42.743056,True,manual_review,1.0,202.74794254000636,0.7
51ef1dc9-74,51ef1dc9,healthybee,partner_menus.json,74,Healthybee,Fruit Custard Bowl,,169,,,195.69552879636527,,,,2025-12-16T13:42:42.743060,True,manual_review,1.0,202.74794254000636,0.7
51ef1dc9-75,51ef1dc9,healthybee,partner_menus.json,75,Healthybee,Quinoa Chickpea Tabbouleh Salad,,279,,,222.69419568229029,,,,2025-12-16T13:42:42.743064,True,manual_review,1.0,221.62331132006463,0.7
51ef1dc9-76,51ef1dc9,healthybee,partner_menus.json,76,Healthybee,Peanut Butter Fruits Oatmeal,,249,,,205.49110552052156,,,,2025-12-16T13:42:42.743068,True,manual_review,1.0,204.5943369915703,0.7
51ef1dc9-77,51ef1dc9,healthybee,partner_menus.json,77,Healthybee,Fruit Milk Oats,,179,,,138.3752334869614,,,,2025-12-16T13:42:42.743073,True,manual_review,1.0,159.07378533193682,0.7
51ef1dc9-78,51ef1dc9,healthybee,partner_menus.json,78,Healthybee,Milk Oats,,149,,,167.28626289329247,,,,2025-12-16T13:42:42.743077,True,manual_review,1.0,169.4567064994682,0.7
51ef1dc9-79,51ef1dc9,healthybee,partner_menus.json,79,Healthybee,Brown Rice (200 gm),,140,,,156.47240537687125,,,,2025-12-16T13:42:42.743081,True,manual_review,1.0,158.676579493619,0.7
51ef1dc9-80,51ef1dc9,healthybee,partner_menus.json,80,Healthybee,Beetroot Chapati (1 Pc),,35,,,291.9126253421801,,,,2025-12-16T13:42:42.743085,True,manual_review,1.0,287.221014969992,0.7
51ef1dc9-81,51ef1dc9,healthybee,partner_menus.json,81,Healthybee,Parsley Dip,,39,,,167.28626289329247,,,,2025-12-16T13:42:42.743089,True,manual_review,1.0,169.49937095993806,0.7
51ef1dc9-82,51ef1dc9,healthybee,partner_menus.json,82,Healthybee,Spinach Chapati (1 Pc),,35,,,292.2595169618141,,,,2025-12-16T13:42:42.743093,True,manual_review,1.0,287.6273848793195,0.7
51ef1dc9-83,51ef1dc9,healthybee,partner_menus.json,83,Healthybee,Chicken Burrito Bowl,,339,,,208.70793490661976,,,,2025-12-16T13:42:42.743098,True,manual_review,1.0,208.19027104494566,0.7
51ef1dc9-84,51ef1dc9,healthybee,partner_menus.json,84,Healthybee,Cucumber Mint Lemonade,,129,,,167.28626289329247,,,,2025-12-16T13:42:42.743102,True,manual_review,1.0,169.06965689238862,0.7
51ef1dc9-85,51ef1dc9,healthybee,partner_menus.json,85,Healthybee,Honey Ginger Lemonade,,129,,,167.28626289329247,,,,2025-12-16T13:42:42.743106,True,manual_review,1.0,180.64713671026905,0.7
51ef1dc9-86,51ef1dc9,healthybee,partner_menus.json,86,Healthybee,Classic Lemonade,,90,,,167.28626289329247,,,,2025-12-16T13:42:42.743110,True,manual_review,1.0,168.87164907261825,0.7
51ef1dc9-87,51ef1dc9,healthybee,partner_menus.json,87,Healthybee,P P L Detox [sugar-free],,184,,,167.28626289329247,,,,2025-12-16T13:42:42.743114,True,manual_review,1.0,168.7920555135592,0.7
3264c85c-88,3264c85c,swad gomantak,partner_menus.json,88,Swad Gomantak,Surmai Thali,,650,,,263.9483539963847,,,,2025-12-16T13:42:42.743119,True,manual_review,1.0,260.94568799114643,0.7
3264c85c-89,3264c85c,swad gomantak,partner_menus.json,89,Swad Gomantak,Pomfret Thali,,770,,,263.9483539963847,,,,2025-12-16T13:42:42.743123,True,manual_review,1.0,263.2003226294111,0.7
3264c85c-90,3264c85c,swad gomantak,partner_menus.json,90,Swad Gomantak,Chicken Malvani Thali,,400,,,238.9530793112242,,,,2025-12-16T13:42:42.743128,True,manual_review,1.0,239.28785856316887,0.7
3264c85c-91,3264c85c,swad gomantak,partner_menus.json,91,Swad Gomantak,Gomanntak Special Seafood Thali,,890,,,263.9483539963847,,,,2025-12-16T13:42:42.743132,True,manual_review,1.0,261.3992179464997,0.7
3264c85c-92,3264c85c,swad gomantak,partner_menus.json,92,Swad Gomantak,Gomanntak Konkan Special Thali,,790,,,263.9483539963847,,,,2025-12-16T13:42:42.743136,True,manual_review,1.0,261.01329425840817,0.7
3264c85c-93,3264c85c,swad gomantak,partner_menus.json,93,Swad Gomantak,Prawns Thali,,650,,,263.9483539963847,,,,2025-12-16T13:42:42.743141,True,manual_review,1.0,264.1462966346191,0.7
3264c85c-94,3264c85c,swad gomantak,partner_menus.json,94,Swad Gomantak,Crab Thali,,650,,,263.9483539963847,,,,2025-12-16T13:42:42.743145,True,manual_review,1.0,263.3683912595987,0.7
3264c85c-95,3264c85c,swad gomantak,partner_menus.json,95,Swad Gomantak,Bangda Thali,,450,,,263.9483539963847,,,,2025-12-16T13:42:42.743149,True,manual_review,1.0,263.1876043871297,0.7
3264c85c-96,3264c85c,swad gomantak,partner_menus.json,96,Swad Gomantak,Bombil Thali,,450,,,263.9483539963847,,,,2025-12-16T13:42:42.743153,True,manual_review,1.0,259.7091565956235,0.7
3264c85c-97,3264c85c,swad gomantak,partner_menus.json,97,Swad Gomantak,Mandeli Thali,,350,,,263.9483539963847,,,,2025-12-16T13:42:42.743158,True,manual_review,1.0,262.85745884806863,0.7
3264c85c-98,3264c85c,swad gomantak,partner_menus.json,98,Swad Gomantak,Veg Thali,,250,,,268.43352559587225,,,,2025-12-16T13:42:42.743162,True,manual_review,1.0,268.6261596349283,0.7
3264c85c-99,3264c85c,swad gomantak,partner_menus.json,99,Swad Gomantak,Egg Thali,,210,,,228.9557145988802,,,,2025-12-16T13:42:42.743166,True,manual_review,1.0,230.612973267241,0.7
3264c85c-100,3264c85c,swad gomantak,partner_menus.json,100,Swad Gomantak,Mutton Malvani Thali,,600,,,263.9483539963847,,,,2025-12-16T13:42:42.743171,True,manual_review,1.0,261.6575935521045,0.7
3264c85c-101,3264c85c,swad gomantak,partner_menus.json,101,Swad Gomantak,Surmai Curry,,689,,,189.56055133016685,,,,2025-12-16T13:42:42.743175,True,manual_review,1.0,190.7704578305911,0.7
3264c85c-102,3264c85c,swad gomantak,partner_menus.json,102,Swad Gomantak,Surmai Konkan Curry,,689,,,189.56055133016685,,,,2025-12-16T13:42:42.743180,True,manual_review,1.0,189.98842752721887,0.7
3264c85c-103,3264c85c,swad gomantak,partner_menus.json,103,Swad Gomantak,Surmai Tawa Masala,,495,,,216.15593958455543,,,,2025-12-16T13:42:42.743184,True,manual_review,1.0,216.64886241278163,0.7
3264c85c-104,3264c85c,swad gomantak,partner_menus.json,104,Swad Gomantak,Surmai Tikhale,,689,,,231.9229926582528,,,,2025-12-16T13:42:42.743189,True,manual_review,1.0,231.30695856557404,0.7
3264c85c-105,3264c85c,swad gomantak,partner_menus.json,105,Swad Gomantak,Prawns Konkan Curry,,589,,,189.56055133016685,,,,2025-12-16T13:42:42.743194,True,manual_review,1.0,190.45398968132588,0.7
3264c85c-106,3264c85c,swad gomantak,partner_menus.json,106,Swad Gomantak,Prawns Masala,,589,,,216.15593958455543,,,,2025-12-16T13:42:42.743198,True,manual_review,1.0,216.5362741888478,0.7
3264c85c-107,3264c85c,swad gomantak,partner_menus.json,107,Swad Gomantak,Prawns Sukka,,589,,,231.9229926582528,,,,2025-12-16T13:42:42.743202,True,manual_review,1.0,231.36968710750202,0.7
3264c85c-108,3264c85c,swad gomantak,partner_menus.json,108,Swad Gomantak,Prawns Curry,,589,,,189.56055133016685,,,,2025-12-16T13:42:42.743206,True,manual_review,1.0,198.22936333160217,0.7
3264c85c-109,3264c85c,swad gomantak,partner_menus.json,109,Swad Gomantak,Chicken Kombdi Vade,,590,,,199.4532884713104,,,,2025-12-16T13:42:42.743211,True,manual_review,1.0,200.25964656976,0.7
3264c85c-110,3264c85c,swad gomantak,partner_menus.json,110,Swad Gomantak,Chicken Malwani Handi,,390,,,212.29074587833185,,,,2025-12-16T13:42:42.743215,True,manual_review,1.0,212.79795883802925,0.7
3264c85c-111,3264c85c,swad gomantak,partner_menus.json,111,Swad Gomantak,Chicken Curry,,350,,,173.25154232735164,,,,2025-12-16T13:42:42.743219,True,manual_review,1.0,174.7610312241648,0.7
3264c85c-112,3264c85c,swad gomantak,partner_menus.json,112,Swad Gomantak,Chicken Sukka,,350,,,199.4532884713104,,,,2025-12-16T13:42:42.743224,True,manual_review,1.0,201.4954778749317,0.7
3264c85c-113,3264c85c,swad gomantak,partner_menus.json,113,Swad Gomantak,Chicken Maratha Curry,,350,,,174.03941258300088,,,,2025-12-16T13:42:42.743228,True,manual_review,1.0,175.2295695357202,0.7
3264c85c-114,3264c85c,swad gomantak,partner_menus.json,114,Swad Gomantak,Chicken Masala,,350,,,198.61939472678768,,,,2025-12-16T13:42:42.743232,True,manual_review,1.0,197.7131354939686,0.7
3264c85c-115,3264c85c,swad gomantak,partner_menus.json,115,Swad Gomantak,Chicken Kadai,,350,,,199.4532884713104,,,,2025-12-16T13:42:42.743236,True,manual_review,1.0,201.43669656039688,0.7
3264c85c-116,3264c85c,swad gomantak,partner_menus.json,116,Swad Gomantak,Chicken Handi,,390,,,212.29074587833185,,,,2025-12-16T13:42:42.743240,True,manual_review,1.0,212.12587869681028,0.7
3264c85c-117,3264c85c,swad gomantak,partner_menus.json,117,Swad Gomantak,Chicken Keema,,350,,,199.4532884713104,,,,2025-12-16T13:42:42.743245,True,manual_review,1.0,199.69886466597487,0.7
3264c85c-118,3264c85c,swad gomantak,partner_menus.json,118,Swad Gomantak,Chicken Maratha Handi,,390,,,212.29074587833185,,,,2025-12-16T13:42:42.743249,True,manual_review,1.0,211.09637896054417,0.7
3264c85c-119,3264c85c,swad gomantak,partner_menus.json,119,Swad Gomantak,Chicken Tawa Masala,,350,,,198.61939472678768,,,,2025-12-16T13:42:42.743253,True,manual_review,1.0,188.1243244847352,0.7
3264c85c-120,3264c85c,swad gomantak,partner_menus.json,120,Swad Gomantak,Tisrya Sukka,,450,,,231.9229926582528,,,,2025-12-16T13:42:42.743257,True,manual_review,1.0,230.10735924375467,0.7
3264c85c-121,3264c85c,swad gomantak,partner_menus.json,121,Swad Gomantak,Tisrya Masala,,450,,,216.15593958455543,,,,2025-12-16T13:42:42.743261,True,manual_review,1.0,213.5630546468784,0.7
3264c85c-122,3264c85c,swad gomantak,partner_menus.json,122,Swad Gomantak,Tisrya Curry,,450,,,189.56055133016685,,,,2025-12-16T13:42:42.743266,True,manual_review,1.0,190.676696074856,0.7
3264c85c-123,3264c85c,swad gomantak,partner_menus.json,123,Swad Gomantak,Pomfret Tikhale,,689,,,231.9229926582528,,,,2025-12-16T13:42:42.743270,True,manual_review,1.0,231.24119634417366,0.7
3264c85c-124,3264c85c,swad gomantak,partner_menus.json,124,Swad Gomantak,Pomfret Tawa Masala,,689,,,216.15593958455543,,,,2025-12-16T13:42:42.743275,True,manual_review,1.0,216.63054545724293,0.7
3264c85c-125,3264c85c,swad gomantak,partner_menus.json,125,Swad Gomantak,Pomfret Konkan Curry,,689,,,189.56055133016685,,,,2025-12-16T13:42:42.743280,True,manual_review,1.0,189.95717127592178,0.7
3264c85c-126,3264c85c,swad gomantak,partner_menus.json,126,Swad Gomantak,Pomfret Curry,,689,,,189.56055133016685,,,,2025-12-16T13:42:42.743285,True,manual_review,1.0,190.7461532658589,0.7
3264c85c-127,3264c85c,swad gomantak,partner_menus.json,127,Swad Gomantak,Bangda Tawa Masala,,450,,,216.15593958455543,,,,2025-12-16T13:42:42.743289,True,manual_review,1.0,215.36216207455675,0.7
3264c85c-128,3264c85c,swad gomantak,partner_menus.json,128,Swad Gomantak,Bangda Tikhale,,450,,,231.9229926582528,,,,2025-12-16T13:42:42.743293,True,manual_review,1.0,231.2281089809668,0.7
3264c85c-129,3264c85c,swad gomantak,partner_menus.json,129,Swad Gomantak,Bangda Curry,,450,,,189.56055133016685,,,,2025-12-16T13:42:42.743298,True,manual_review,1.0,190.73355781748194,0.7
3264c85c-130,3264c85c,swad gomantak,partner_menus.json,130,Swad Gomantak,Bangda Konkan Curry,,450,,,189.56055133016685,,,,2025-12-16T13:42:42.743302,True,manual_review,1.0,189.94384166941046,0.7
3264c85c-131,3264c85c,swad gomantak,partner_menus.json,131,Swad Gomantak,Mutton Curry,,550,,,189.56055133016685,,,,2025-12-16T13:42:42.743306,True,manual_review,1.0,191.13725819233764,0.7
3264c85c-132,3264c85c,swad gomantak,partner_menus.json,132,Swad Gomantak,Mutton Sukka Dry,,550,,,231.9229926582528,,,,2025-12-16T13:42:42.743310,True,manual_review,1.0,223.11107028732985,0.7
3264c85c-133,3264c85c,swad gomantak,partner_menus.json,133,Swad Gomantak,Mutton Vade,,610,,,231.9229926582528,,,,2025-12-16T13:42:42.743315,True,manual_review,1.0,230.35911181698702,0.7
3264c85c-134,3264c85c,swad gomantak,partner_menus.json,134,Swad Gomantak,Mutton Handi,,550,,,229.50753370105,,,,2025-12-16T13:42:42.743320,True,manual_review,1.0,230.23757206024223,0.7
3264c85c-135,3264c85c,swad gomantak,partner_menus.json,135,Swad Gomantak,Mutton Maratha Handi,,550,,,229.50753370105,,,,2025-12-16T13:42:42.743325,True,manual_review,1.0,228.13177811161864,0.7
3264c85c-136,3264c85c,swad gomantak,partner_menus.json,136,Swad Gomantak,Mutton Masala,,550,,,216.15593958455543,,,,2025-12-16T13:42:42.743329,True,manual_review,1.0,216.38150947909236,0.7
3264c85c-137,3264c85c,swad gomantak,partner_menus.json,137,Swad Gomantak,Mutton Tawa Dry,,550,,,231.9229926582528,,,,2025-12-16T13:42:42.743333,True,manual_review,1.0,230.3911060544117,0.7
3264c85c-138,3264c85c,swad gomantak,partner_menus.json,138,Swad Gomantak,Veg Malwani Handi,,260,,,238.7045453701732,,,,2025-12-16T13:42:42.743338,True,manual_review,1.0,236.88544757852327,0.7
3264c85c-139,3264c85c,swad gomantak,partner_menus.json,139,Swad Gomantak,Mix Veg,,160,,,241.4495071229792,,,,2025-12-16T13:42:42.743342,True,manual_review,1.0,239.53263637815775,0.7
3264c85c-140,3264c85c,swad gomantak,partner_menus.json,140,Swad Gomantak,Paneer Handi,,270,,,262.58380835659244,,,,2025-12-16T13:42:42.743346,True,manual_review,1.0,262.4491778710755,0.7
3264c85c-141,3264c85c,swad gomantak,partner_menus.json,141,Swad Gomantak,Paneer Bhurji,,180,,,257.46609378107973,,,,2025-12-16T13:42:42.743350,True,manual_review,1.0,257.3334342726487,0.7
3264c85c-142,3264c85c,swad gomantak,partner_menus.json,142,Swad Gomantak,Matar Paneer,,170,,,262.58380835659244,,,,2025-12-16T13:42:42.743354,True,manual_review,1.0,260.80016820634444,0.7
3264c85c-143,3264c85c,swad gomantak,partner_menus.json,143,Swad Gomantak,Veg Handi,,250,,,238.7045453701732,,,,2025-12-16T13:42:42.743359,True,manual_review,1.0,238.138162687228,0.7
3264c85c-144,3264c85c,swad gomantak,partner_menus.json,144,Swad Gomantak,Veg Kadai,,250,,,241.4495071229792,,,,2025-12-16T13:42:42.743364,True,manual_review,1.0,238.50795589218885,0.7
3264c85c-145,3264c85c,swad gomantak,partner_menus.json,145,Swad Gomantak,Dal Fry,,120,,,189.03281738422348,,,,2025-12-16T13:42:42.743368,True,manual_review,1.0,193.53339203952595,0.7
3264c85c-146,3264c85c,swad gomantak,partner_menus.json,146,Swad Gomantak,Dal Tadka,,130,,,192.39131480365924,,,,2025-12-16T13:42:42.743373,True,manual_review,1.0,193.26099159506177,0.7
3264c85c-147,3264c85c,swad gomantak,partner_menus.json,147,Swad Gomantak,Veg Saguti,,170,,,241.4495071229792,,,,2025-12-16T13:42:42.743377,True,manual_review,1.0,239.53263637815775,0.7
3264c85c-148,3264c85c,swad gomantak,partner_menus.json,148,Swad Gomantak,Veg Tawa,,170,,,241.4495071229792,,,,2025-12-16T13:42:42.743381,True,manual_review,1.0,239.85464649076405,0.7
3264c85c-149,3264c85c,swad gomantak,partner_menus.json,149,Swad Gomantak,Paneer Butter Masala,,200,,,260.5765731664588,,,,2025-12-16T13:42:42.743386,True,manual_review,1.0,252.868773313688,0.7
3264c85c-150,3264c85c,swad gomantak,partner_menus.json,150,Swad Gomantak,Lasooni Dal,,130,,,189.03281738422348,,,,2025-12-16T13:42:42.743390,True,manual_review,1.0,190.27192427258697,0.7
3264c85c-151,3264c85c,swad gomantak,partner_menus.json,151,Swad Gomantak,Paneer Kadhai,,270,,,262.58380835659244,,,,2025-12-16T13:42:42.743394,True,manual_review,1.0,260.80016820634444,0.7
3264c85c-152,3264c85c,swad gomantak,partner_menus.json,152,Swad Gomantak,Green Peas Masala,,120,,,216.15593958455543,,,,2025-12-16T13:42:42.743398,True,manual_review,1.0,208.3335071428422,0.7
3264c85c-153,3264c85c,swad gomantak,partner_menus.json,153,Swad Gomantak,Shev Bhaji,,120,,,231.9229926582528,,,,2025-12-16T13:42:42.743402,True,manual_review,1.0,230.81846135222474,0.7
3264c85c-154,3264c85c,swad gomantak,partner_menus.json,154,Swad Gomantak,Egg Curry,,170,,,168.8506526529013,,,,2025-12-16T13:42:42.743407,True,manual_review,1.0,169.0646222792349,0.7
3264c85c-155,3264c85c,swad gomantak,partner_menus.json,155,Swad Gomantak,Egg Masala,,170,,,192.1321394254004,,,,2025-12-16T13:42:42.743411,True,manual_review,1.0,191.71994334527423,0.7
3264c85c-156,3264c85c,swad gomantak,partner_menus.json,156,Swad Gomantak,Egg Bhurji,,100,,,197.98728155366535,,,,2025-12-16T13:42:42.743415,True,manual_review,1.0,198.45291243559433,0.7
3264c85c-157,3264c85c,swad gomantak,partner_menus.json,157,Swad Gomantak,Egg Omelette,,90,,,158.1694180921944,,,,2025-12-16T13:42:42.743419,True,manual_review,1.0,162.0365511653303,0.7
3264c85c-158,3264c85c,swad gomantak,partner_menus.json,158,Swad Gomantak,Boiled Egg,,60,,,159.83892741332048,,,,2025-12-16T13:42:42.743423,True,manual_review,1.0,163.19168485762233,0.7
3264c85c-159,3264c85c,swad gomantak,partner_menus.json,159,Swad Gomantak,Prawns 65,,590,,,229.21689745534633,,,,2025-12-16T13:42:42.743428,True,manual_review,1.0,228.95267803902516,0.7
3264c85c-160,3264c85c,swad gomantak,partner_menus.json,160,Swad Gomantak,Tossed Prawns [8 Pieces],,590,,,232.1562205024661,,,,2025-12-16T13:42:42.743432,True,manual_review,1.0,232.59088971645684,0.7
3264c85c-161,3264c85c,swad gomantak,partner_menus.json,161,Swad Gomantak,Prawns Koliwada [8 Pieces],,590,,,232.1562205024661,,,,2025-12-16T13:42:42.743436,True,manual_review,1.0,231.67630781994976,0.7
3264c85c-162,3264c85c,swad gomantak,partner_menus.json,162,Swad Gomantak,Prawn Golden Fried,,490,,,231.9229926582528,,,,2025-12-16T13:42:42.743440,True,manual_review,1.0,229.33481150383776,0.7
3264c85c-163,3264c85c,swad gomantak,partner_menus.json,163,Swad Gomantak,Tossed Crab,,590,,,231.9229926582528,,,,2025-12-16T13:42:42.743445,True,manual_review,1.0,221.9143924401426,0.7
3264c85c-164,3264c85c,swad gomantak,partner_menus.json,164,Swad Gomantak,Crab Lollipop [6 Pieces],,400,,,232.1562205024661,,,,2025-12-16T13:42:42.743449,True,manual_review,1.0,231.4884273317707,0.7
3264c85c-165,3264c85c,swad gomantak,partner_menus.json,165,Swad Gomantak,Fish Fingers [6 Pieces],,340,,,257.2487734920038,,,,2025-12-16T13:42:42.743453,True,manual_review,1.0,255.6157740394724,0.7
3264c85c-166,3264c85c,swad gomantak,partner_menus.json,166,Swad Gomantak,Chicken Lollipop [6 Pieces],,300,,,214.7641847063396,,,,2025-12-16T13:42:42.743457,True,manual_review,1.0,214.66673285385278,0.7
3264c85c-167,3264c85c,swad gomantak,partner_menus.json,167,Swad Gomantak,Chicken Tava Fry,,250,,,199.4532884713104,,,,2025-12-16T13:42:42.743461,True,manual_review,1.0,199.94463114430627,0.7
3264c85c-168,3264c85c,swad gomantak,partner_menus.json,168,Swad Gomantak,Crab Lasooni Tadka,,590,,,214.57560914944168,,,,2025-12-16T13:42:42.743466,True,manual_review,1.0,213.6261804570807,0.7
3264c85c-169,3264c85c,swad gomantak,partner_menus.json,169,Swad Gomantak,Prawns Chilli,,490,,,231.9229926582528,,,,2025-12-16T13:42:42.743470,True,manual_review,1.0,230.27263125228876,0.7
3264c85c-170,3264c85c,swad gomantak,partner_menus.json,170,Swad Gomantak,Prawns Lasooni Tadka [6 Pieces],,590,,,226.98093275823192,,,,2025-12-16T13:42:42.743474,True,manual_review,1.0,226.27615076830438,0.7
3264c85c-171,3264c85c,swad gomantak,partner_menus.json,171,Swad Gomantak,Chicken Lasuni Tadka,,300,,,198.3467786478218,,,,2025-12-16T13:42:42.743478,True,manual_review,1.0,198.3376531651699,0.7
3264c85c-172,3264c85c,swad gomantak,partner_menus.json,172,Swad Gomantak,Tossed Prawns,,590,,,231.9229926582528,,,,2025-12-16T13:42:42.743482,True,manual_review,1.0,230.65782221130846,0.7
3264c85c-173,3264c85c,swad gomantak,partner_menus.json,173,Swad Gomantak,Prawns Tawa Fry,,490,,,231.9229926582528,,,,2025-12-16T13:42:42.743487,True,manual_review,1.0,231.24104594632456,0.7
3264c85c-174,3264c85c,swad gomantak,partner_menus.json,174,Swad Gomantak,Surmai Tawa Fry,,690,,,231.9229926582528,,,,2025-12-16T13:42:42.743491,True,manual_review,1.0,230.22707295194883,0.7
3264c85c-175,3264c85c,swad gomantak,partner_menus.json,175,Swad Gomantak,Pomfret Tawa Fry,,610,,,231.9229926582528,,,,2025-12-16T13:42:42.743495,True,manual_review,1.0,230.16792976047356,0.7
3264c85c-176,3264c85c,swad gomantak,partner_menus.json,176,Swad Gomantak,Bangada Tawa Fry,,250,,,231.9229926582528,,,,2025-12-16T13:42:42.743500,True,manual_review,1.0,223.26901945660063,0.7
3264c85c-177,3264c85c,swad gomantak,partner_menus.json,177,Swad Gomantak,Surmai Rava Fry,,690,,,231.9229926582528,,,,2025-12-16T13:42:42.743504,True,manual_review,1.0,231.3644587723265,0.7
3264c85c-178,3264c85c,swad gomantak,partner_menus.json,178,Swad Gomantak,Pomfret Rava Fry,,630,,,231.9229926582528,,,,2025-12-16T13:42:42.743508,True,manual_review,1.0,231.29876778399336,0.7
3264c85c-179,3264c85c,swad gomantak,partner_menus.json,179,Swad Gomantak,Prawns Rava Fry,,600,,,231.9229926582528,,,,2025-12-16T13:42:42.743512,True,manual_review,1.0,232.05944475657182,0.7
3264c85c-180,3264c85c,swad gomantak,partner_menus.json,180,Swad Gomantak,Bombil Rava Fry,,390,,,231.9229926582528,,,,2025-12-16T13:42:42.743516,True,manual_review,1.0,231.33449437810012,0.7
3264c85c-181,3264c85c,swad gomantak,partner_menus.json,181,Swad Gomantak,Mandeli Rava Fry,,260,,,231.9229926582528,,,,2025-12-16T13:42:42.743521,True,manual_review,1.0,231.43645823298877,0.7
3264c85c-182,3264c85c,swad gomantak,partner_menus.json,182,Swad Gomantak,Bangda Rava Fry,,490,,,231.9229926582528,,,,2025-12-16T13:42:42.743525,True,manual_review,1.0,231.2854672498986,0.7
3264c85c-183,3264c85c,swad gomantak,partner_menus.json,183,Swad Gomantak,Crab Masala,,590,,,216.15593958455543,,,,2025-12-16T13:42:42.743529,True,manual_review,1.0,216.00537721225308,0.7
3264c85c-184,3264c85c,swad gomantak,partner_menus.json,184,Swad Gomantak,Crab Sukka,,590,,,231.9229926582528,,,,2025-12-16T13:42:42.743535,True,manual_review,1.0,230.73015747762562,0.7
3264c85c-185,3264c85c,swad gomantak,partner_menus.json,185,Swad Gomantak,Crab Konkan Curry,,590,,,189.56055133016685,,,,2025-12-16T13:42:42.743539,True,manual_review,1.0,190.0065776901861,0.7
3264c85c-186,3264c85c,swad gomantak,partner_menus.json,186,Swad Gomantak,Crab Curry,,510,,,189.56055133016685,,,,2025-12-16T13:42:42.743543,True,manual_review,1.0,190.78357169219967,0.7
3264c85c-187,3264c85c,swad gomantak,partner_menus.json,187,Swad Gomantak,Solkadi,,70,,,231.9229926582528,,,,2025-12-16T13:42:42.743548,True,manual_review,1.0,230.93914922289497,0.7
3264c85c-188,3264c85c,swad gomantak,partner_menus.json,188,Swad Gomantak,Kokum Sharbat,,40,,,231.9229926582528,,,,2025-12-16T13:42:42.743552,True,manual_review,1.0,216.07711424604256,0.7
3264c85c-189,3264c85c,swad gomantak,partner_menus.json,189,Swad Gomantak,Mirgund Papad,,35,,,231.9229926582528,,,,2025-12-16T13:42:42.743556,True,manual_review,1.0,230.33011995492254,0.7
3264c85c-190,3264c85c,swad gomantak,partner_menus.json,190,Swad Gomantak,Roasted Papad,,20,,,251.78360965739108,,,,2025-12-16T13:42:42.743560,True,manual_review,1.0,240.44660957733296,0.7
3264c85c-191,3264c85c,swad gomantak,partner_menus.json,191,Swad Gomantak,Paneer 65 [8 Piece],,310,,,261.9464504814424,,,,2025-12-16T13:42:42.743565,True,manual_review,1.0,259.51994290854014,0.7
3264c85c-192,3264c85c,swad gomantak,partner_menus.json,192,Swad Gomantak,Paneer Chilly [8 Piece],,310,,,245.39464660877871,,,,2025-12-16T13:42:42.743569,True,manual_review,1.0,245.49038719777946,0.7
3264c85c-193,3264c85c,swad gomantak,partner_menus.json,193,Swad Gomantak,Surmai Fry [1 Pieces] With Prawns Curry & Steamed Rice,,699,,,215.7126828873808,,,,2025-12-16T13:42:42.743573,True,manual_review,1.0,215.11583596068618,0.7
3264c85c-194,3264c85c,swad gomantak,partner_menus.json,194,Swad Gomantak,Chicken Thali With Prawns Fry,,670,,,238.9530793112242,,,,2025-12-16T13:42:42.743577,True,manual_review,1.0,237.20311460058127,0.7
3264c85c-195,3264c85c,swad gomantak,partner_menus.json,195,Swad Gomantak,Chicken Thali With Surmai Fry,,670,,,238.9530793112242,,,,2025-12-16T13:42:42.743581,True,manual_review,1.0,237.9549886047405,0.7
3264c85c-196,3264c85c,swad gomantak,partner_menus.json,196,Swad Gomantak,Pomfret Fry With Prawns Curry & Steamed Rice,,599,,,209.74025726967608,,,,2025-12-16T13:42:42.743585,True,manual_review,1.0,209.2088998015687,0.7
3264c85c-197,3264c85c,swad gomantak,partner_menus.json,197,Swad Gomantak,Prawns Fry With Prawns Curry & Steamed Rice,,750,,,209.74025726967608,,,,2025-12-16T13:42:42.743592,True,manual_review,1.0,210.2123386577173,0.7
3264c85c-198,3264c85c,swad gomantak,partner_menus.json,198,Swad Gomantak,Bangda Fry With Prawns Curry & Steamed Rice,,490,,,209.74025726967608,,,,2025-12-16T13:42:42.743596,True,manual_review,1.0,209.85855063858003,0.7
3264c85c-199,3264c85c,swad gomantak,partner_menus.json,199,Swad Gomantak,Bombil Fry With Prawns Curry & Steamed Rice,,400,,,209.74025726967608,,,,2025-12-16T13:42:42.743600,True,manual_review,1.0,211.65863574553705,0.7
3264c85c-200,3264c85c,swad gomantak,partner_menus.json,200,Swad Gomantak,Chicken Thali With Bangda Fry,,580,,,238.9530793112242,,,,2025-12-16T13:42:42.743605,True,manual_review,1.0,237.20979648058707,0.7
3264c85c-201,3264c85c,swad gomantak,partner_menus.json,201,Swad Gomantak,Chicken Thali With Bombil Fry,,580,,,238.9530793112242,,,,2025-12-16T13:42:42.743609,True,manual_review,1.0,237.76705823255986,0.7
3264c85c-202,3264c85c,swad gomantak,partner_menus.json,202,Swad Gomantak,Kolambi Bhaat,,550,,,231.9229926582528,,,,2025-12-16T13:42:42.743613,True,manual_review,1.0,230.37735367469583,0.7
3264c85c-203,3264c85c,swad gomantak,partner_menus.json,203,Swad Gomantak,Prawns Biryani,,599,,,206.7983617084244,,,,2025-12-16T13:42:42.743617,True,manual_review,1.0,214.09629873901582,0.7
3264c85c-204,3264c85c,swad gomantak,partner_menus.json,204,Swad Gomantak,Mutton Biryani,,590,,,206.7983617084244,,,,2025-12-16T13:42:42.743621,True,manual_review,1.0,213.38780233946113,0.7
3264c85c-205,3264c85c,swad gomantak,partner_menus.json,205,Swad Gomantak,Fish Biryani,,699,,,237.00106738505528,,,,2025-12-16T13:42:42.743626,True,manual_review,1.0,237.344848660789,0.7
3264c85c-206,3264c85c,swad gomantak,partner_menus.json,206,Swad Gomantak,Chicken Biryani,,450,,,186.62890785880268,,,,2025-12-16T13:42:42.743630,True,manual_review,1.0,187.315743134159,0.7
3264c85c-207,3264c85c,swad gomantak,partner_menus.json,207,Swad Gomantak,Egg Biryani,,350,,,184.02625647483077,,,,2025-12-16T13:42:42.743634,True,manual_review,1.0,184.56573069477105,0.7
3264c85c-208,3264c85c,swad gomantak,partner_menus.json,208,Swad Gomantak,Veg Biryani,,290,,,219.081628038072,,,,2025-12-16T13:42:42.743638,True,manual_review,1.0,219.33621846223664,0.7
3264c85c-209,3264c85c,swad gomantak,partner_menus.json,209,Swad Gomantak,Dal Khichdi,,250,,,129.2481151929424,,,,2025-12-16T13:42:42.743643,True,manual_review,1.0,137.1155798734651,0.7
3264c85c-210,3264c85c,swad gomantak,partner_menus.json,210,Swad Gomantak,Jeera Rice,,110,,,208.6301268408624,,,,2025-12-16T13:42:42.743647,True,manual_review,1.0,209.58459597751957,0.7
3264c85c-211,3264c85c,swad gomantak,partner_menus.json,211,Swad Gomantak,Plain Rice,,89,,,208.6301268408624,,,,2025-12-16T13:42:42.743651,True,manual_review,1.0,208.74145482026202,0.7
3264c85c-212,3264c85c,swad gomantak,partner_menus.json,212,Swad Gomantak,Paneer Biryani,,300,,,238.89055290636676,,,,2025-12-16T13:42:42.743655,True,manual_review,1.0,239.74354790979902,0.7
3264c85c-213,3264c85c,swad gomantak,partner_menus.json,213,Swad Gomantak,Surmai Chatpata Biryani,,599,,,206.7983617084244,,,,2025-12-16T13:42:42.743660,True,manual_review,1.0,207.04214889423162,0.7
3264c85c-214,3264c85c,swad gomantak,partner_menus.json,214,Swad Gomantak,Crab Lahsuni Biryani,,599,,,206.7983617084244,,,,2025-12-16T13:42:42.743664,True,manual_review,1.0,207.02542449991503,0.7
3264c85c-215,3264c85c,swad gomantak,partner_menus.json,215,Swad Gomantak,Pomfret Fry Biryani,,599,,,206.7983617084244,,,,2025-12-16T13:42:42.743668,True,manual_review,1.0,207.5326800808983,0.7
3264c85c-216,3264c85c,swad gomantak,partner_menus.json,216,Swad Gomantak,Mutton Kolhapuri Biryani,,550,,,206.7983617084244,,,,2025-12-16T13:42:42.743672,True,manual_review,1.0,208.19266822038477,0.7
3264c85c-217,3264c85c,swad gomantak,partner_menus.json,217,Swad Gomantak,Chicken Kolhapuri Biryani,,350,,,190.04031986127225,,,,2025-12-16T13:42:42.743676,True,manual_review,1.0,192.95162260630087,0.7
3264c85c-218,3264c85c,swad gomantak,partner_menus.json,218,Swad Gomantak,Bangda Fry Masala Biryani,,450,,,194.88511362487617,,,,2025-12-16T13:42:42.743681,True,manual_review,1.0,196.35060533966129,0.7
3264c85c-219,3264c85c,swad gomantak,partner_menus.json,219,Swad Gomantak,Veg Kolhapuri Biryani,,300,,,219.081628038072,,,,2025-12-16T13:42:42.743685,True,manual_review,1.0,217.33906903748579,0.7
3264c85c-220,3264c85c,swad gomantak,partner_menus.json,220,Swad Gomantak,Crab Lasuni Biryani,,599,,,206.7983617084244,,,,2025-12-16T13:42:42.743689,True,manual_review,1.0,208.37872442753803,0.7
3264c85c-221,3264c85c,swad gomantak,partner_menus.json,221,Swad Gomantak,Chicken Lasooni Tadka [6 Pieces](soup),,330,,,206.55548167708068,,,,2025-12-16T13:42:42.743693,True,manual_review,1.0,206.80085965160163,0.7
3264c85c-222,3264c85c,swad gomantak,partner_menus.json,222,Swad Gomantak,Chicken Chilli,,300,,,199.4532884713104,,,,2025-12-16T13:42:42.743698,True,manual_review,1.0,200.56041581608798,0.7
3264c85c-223,3264c85c,swad gomantak,partner_menus.json,223,Swad Gomantak,Crab Soup,,280,,,231.9229926582528,,,,2025-12-16T13:42:42.743702,True,manual_review,1.0,231.09301850118334,0.7
3264c85c-224,3264c85c,swad gomantak,partner_menus.json,224,Swad Gomantak,Chicken Soup,,180,,,199.4532884713104,,,,2025-12-16T13:42:42.743707,True,manual_review,1.0,201.19019080507326,0.7
3264c85c-225,3264c85c,swad gomantak,partner_menus.json,225,Swad Gomantak,Prawns Soup,,280,,,231.9229926582528,,,,2025-12-16T13:42:42.743712,True,manual_review,1.0,231.7176543359936,0.7
3264c85c-226,3264c85c,swad gomantak,partner_menus.json,226,Swad Gomantak,Chicken Clear Soup,,140,,,199.4532884713104,,,,2025-12-16T13:42:42.743716,True,manual_review,1.0,208.98621704470403,0.7
3264c85c-227,3264c85c,swad gomantak,partner_menus.json,227,Swad Gomantak,Potato Bhaji,,120,,,231.9229926582528,,,,2025-12-16T13:42:42.743720,True,manual_review,1.0,230.6959726045221,0.7
3264c85c-228,3264c85c,swad gomantak,partner_menus.json,228,Swad Gomantak,Veg Soup,,140,,,241.4495071229792,,,,2025-12-16T13:42:42.743726,True,manual_review,1.0,240.25586382495604,0.7
3264c85c-229,3264c85c,swad gomantak,partner_menus.json,229,Swad Gomantak,Mutton Soup,,190,,,231.9229926582528,,,,2025-12-16T13:42:42.743731,True,manual_review,1.0,231.48764101512575,0.7
3264c85c-230,3264c85c,swad gomantak,partner_menus.json,230,Swad Gomantak,Mutton Clear Soup,,180,,,231.9229926582528,,,,2025-12-16T13:42:42.743735,True,manual_review,1.0,230.28401785218307,0.7
3264c85c-231,3264c85c,swad gomantak,partner_menus.json,231,Swad Gomantak,Chicken Tawa Fry,,330,,,199.4532884713104,,,,2025-12-16T13:42:42.743739,True,manual_review,1.0,202.28458618355597,0.7
3264c85c-232,3264c85c,swad gomantak,partner_menus.json,232,Swad Gomantak,Chicken Oil Fry [8 Pieces],,300,,,214.7641847063396,,,,2025-12-16T13:42:42.743744,True,manual_review,1.0,211.83355057398387,0.7
3264c85c-233,3264c85c,swad gomantak,partner_menus.json,233,Swad Gomantak,Rice Bhakri,,49,,,208.6301268408624,,,,2025-12-16T13:42:42.743748,True,manual_review,1.0,208.7996003811909,0.7
3264c85c-234,3264c85c,swad gomantak,partner_menus.json,234,Swad Gomantak,Chapati,,29,,,291.0084834805142,,,,2025-12-16T13:42:42.743752,True,manual_review,1.0,288.5749821856849,0.7
3264c85c-235,3264c85c,swad gomantak,partner_menus.json,235,Swad Gomantak,Vada [2 Pieces],,70,,,236.8813954790629,,,,2025-12-16T13:42:42.743757,True,manual_review,1.0,235.8830507785235,0.7
ac4ec427-236,ac4ec427,shree krishna veg es,partner_menus.json,236,shree krishna veg menues,Kaju Paneer Masala,,360,,,208.59596809128143,,,,2025-12-16T13:42:42.743762,True,manual_review,1.0,208.36017729673551,0.7
ac4ec427-237,ac4ec427,shree krishna veg es,partner_menus.json,237,shree krishna veg menues,Paneer Tikka Masala,,360,,,199.45859524420644,,,,2025-12-16T13:42:42.743767,True,manual_review,1.0,199.76572128642482,0.7
ac4ec427-238,ac4ec427,shree krishna veg es,partner_menus.json,238,shree krishna veg menues,Palak Paneer,,330,,,233.9851659676474,,,,2025-12-16T13:42:42.743772,True,manual_review,1.0,237.52090707316788,0.7
ac4ec427-239,ac4ec427,shree krishna veg es,partner_menus.json,239,shree krishna veg menues,Paneer Tawa Masala..,,360,,,208.59596809128143,,,,2025-12-16T13:42:42.743776,True,manual_review,1.0,209.71289103931966,0.7
ac4ec427-240,ac4ec427,shree krishna veg es,partner_menus.json,240,shree krishna veg menues,Kofta Zaikedar,,360,,,188.69778242687508,,,,2025-12-16T13:42:42.743780,True,manual_review,1.0,191.25766415226943,0.7
ac4ec427-241,ac4ec427,shree krishna veg es,partner_menus.json,241,shree krishna veg menues,Nargis Kofta Curry.,,340,,,191.11333107459507,,,,2025-12-16T13:42:42.743785,True,manual_review,1.0,190.94128496351777,0.7
ac4ec427-242,ac4ec427,shree krishna veg es,partner_menus.json,242,shree krishna veg menues,Paneer Rajwadi,,360,,,217.7053222501472,,,,2025-12-16T13:42:42.743789,True,manual_review,1.0,217.6998543943877,0.7
ac4ec427-243,ac4ec427,shree krishna veg es,partner_menus.json,243,shree krishna veg menues,Paneer Lazeez.,,350,,,217.7053222501472,,,,2025-12-16T13:42:42.743794,True,manual_review,1.0,217.63961883081902,0.7
ac4ec427-244,ac4ec427,shree krishna veg es,partner_menus.json,244,shree krishna veg menues,Maharaja Veg,,330,,,199.0912970828267,,,,2025-12-16T13:42:42.743798,True,manual_review,1.0,194.61641060513224,0.7
ac4ec427-245,ac4ec427,shree krishna veg es,partner_menus.json,245,shree krishna veg menues,Paneer Butter Masala..,,360,,,225.627139237863,,,,2025-12-16T13:42:42.743803,True,manual_review,1.0,223.64655065343095,0.7
ac4ec427-246,ac4ec427,shree krishna veg es,partner_menus.json,246,shree krishna veg menues,Paneer Bhurji,,360,,,223.10196694412377,,,,2025-12-16T13:42:42.743807,True,manual_review,1.0,223.90392069480322,0.7
ac4ec427-247,ac4ec427,shree krishna veg es,partner_menus.json,247,shree krishna veg menues,Subz Maratha,,360,,,188.69778242687508,,,,2025-12-16T13:42:42.743811,True,manual_review,1.0,188.83050490287096,0.7
ac4ec427-248,ac4ec427,shree krishna veg es,partner_menus.json,248,shree krishna veg menues,Paneer Amritsari,,360,,,217.7053222501472,,,,2025-12-16T13:42:42.743816,True,manual_review,1.0,217.6998543943877,0.7
ac4ec427-249,ac4ec427,shree krishna veg es,partner_menus.json,249,shree krishna veg menues,Subz Patiala,,360,,,188.69778242687508,,,,2025-12-16T13:42:42.743820,True,manual_review,1.0,188.8674448543594,0.7
ac4ec427-250,ac4ec427,shree krishna veg es,partner_menus.json,250,shree krishna veg menues,Krishna Special Veg Curry,,370,,,196.84569396000643,,,,2025-12-16T13:42:42.743825,True,manual_review,1.0,196.43237151564543,0.7
ac4ec427-251,ac4ec427,shree krishna veg es,partner_menus.json,251,shree krishna veg menues,Paneer Musallam,,350,,,217.7053222501472,,,,2025-12-16T13:42:42.743829,True,manual_review,1.0,217.6998543943877,0.7
ac4ec427-252,ac4ec427,shree krishna veg es,partner_menus.json,252,shree krishna veg menues,Paneer Kolhapuri,,350,,,217.7053222501472,,,,2025-12-16T13:42:42.743834,True,manual_review,1.0,217.9238508261822,0.7
ac4ec427-253,ac4ec427,shree krishna veg es,partner_menus.json,253,shree krishna veg menues,Paneer Golati,,360,,,217.7053222501472,,,,2025-12-16T13:42:42.743838,True,manual_review,1.0,217.6998543943877,0.7
ac4ec427-254,ac4ec427,shree krishna veg es,partner_menus.json,254,shree krishna veg menues,Paneer Chatpata..,,360,,,217.7053222501472,,,,2025-12-16T13:42:42.743842,True,manual_review,1.0,217.6764311574497,0.7
ac4ec427-255,ac4ec427,shree krishna veg es,partner_menus.json,255,shree krishna veg menues,Subz Bhuna,,350,,,188.69778242687508,,,,2025-12-16T13:42:42.743847,True,manual_review,1.0,188.8674448543594,0.7
ac4ec427-256,ac4ec427,shree krishna veg es,partner_menus.json,256,shree krishna veg menues,Subz Diwani Handi,,340,,,194.56416136607763,,,,2025-12-16T13:42:42.743851,True,manual_review,1.0,194.56189245205357,0.7
ac4ec427-257,ac4ec427,shree krishna veg es,partner_menus.json,257,shree krishna veg menues,Kaju Tawa Paneer,,360,,,217.7053222501472,,,,2025-12-16T13:42:42.743856,True,manual_review,1.0,217.1370053448574,0.7
ac4ec427-258,ac4ec427,shree krishna veg es,partner_menus.json,258,shree krishna veg menues,Mirch Paneer,,360,,,217.7053222501472,,,,2025-12-16T13:42:42.743860,True,manual_review,1.0,217.53563249494366,0.7
ac4ec427-259,ac4ec427,shree krishna veg es,partner_menus.json,259,shree krishna veg menues,Malai Kofta Curry,,340,,,191.11333107459507,,,,2025-12-16T13:42:42.743865,True,manual_review,1.0,190.96730313267597,0.7
ac4ec427-260,ac4ec427,shree krishna veg es,partner_menus.json,260,shree krishna veg menues,Chole Bhatura,,330,,,188.69778242687508,,,,2025-12-16T13:42:42.743869,True,manual_review,1.0,189.12457979372482,0.7
ac4ec427-261,ac4ec427,shree krishna veg es,partner_menus.json,261,shree krishna veg menues,Paneer Kofta,,350,,,217.7053222501472,,,,2025-12-16T13:42:42.743875,True,manual_review,1.0,218.6706571927187,0.7
ac4ec427-262,ac4ec427,shree krishna veg es,partner_menus.json,262,shree krishna veg menues,Subz Jalfrezi,,330,,,188.69778242687508,,,,2025-12-16T13:42:42.743880,True,manual_review,1.0,188.8674448543594,0.7
ac4ec427-263,ac4ec427,shree krishna veg es,partner_menus.json,263,shree krishna veg menues,Subz Kolhapuri.,,330,,,188.69778242687508,,,,2025-12-16T13:42:42.743885,True,manual_review,1.0,189.2180500785959,0.7
ac4ec427-264,ac4ec427,shree krishna veg es,partner_menus.json,264,shree krishna veg menues,Methi Mutter Malai,,330,,,188.69778242687508,,,,2025-12-16T13:42:42.743890,True,manual_review,1.0,189.13145239747425,0.7
ac4ec427-265,ac4ec427,shree krishna veg es,partner_menus.json,265,shree krishna veg menues,Paneer Do Pyaza,,320,,,217.7053222501472,,,,2025-12-16T13:42:42.743895,True,manual_review,1.0,217.31965660143362,0.7
ac4ec427-266,ac4ec427,shree krishna veg es,partner_menus.json,266,shree krishna veg menues,Sam Savera,,340,,,188.69778242687508,,,,2025-12-16T13:42:42.743899,True,manual_review,1.0,188.96238014048672,0.7
ac4ec427-267,ac4ec427,shree krishna veg es,partner_menus.json,267,shree krishna veg menues,Subz Peshawari,,340,,,188.69778242687508,,,,2025-12-16T13:42:42.743904,True,manual_review,1.0,188.8674448543594,0.7
ac4ec427-268,ac4ec427,shree krishna veg es,partner_menus.json,268,shree krishna veg menues,Dum Alu Kashmiri,,330,,,188.69778242687508,,,,2025-12-16T13:42:42.743908,True,manual_review,1.0,189.001962181883,0.7
ac4ec427-269,ac4ec427,shree krishna veg es,partner_menus.json,269,shree krishna veg menues,Subz Chilly Milly,,320,,,189.43571200709312,,,,2025-12-16T13:42:42.743913,True,manual_review,1.0,191.21776064204562,0.7
ac4ec427-270,ac4ec427,shree krishna veg es,partner_menus.json,270,shree krishna veg menues,Mashroom Baby,,330,,,188.69778242687508,,,,2025-12-16T13:42:42.743917,True,manual_review,1.0,188.2670346235442,0.7
ac4ec427-271,ac4ec427,shree krishna veg es,partner_menus.json,271,shree krishna veg menues,Navaratna Kurma,,330,,,188.69778242687508,,,,2025-12-16T13:42:42.743922,True,manual_review,1.0,188.96238014048672,0.7
ac4ec427-272,ac4ec427,shree krishna veg es,partner_menus.json,272,shree krishna veg menues,Mushroom Tawa Masala :,,300,,,181.1403033035112,,,,2025-12-16T13:42:42.743926,True,manual_review,1.0,183.82020314527907,0.7
ac4ec427-273,ac4ec427,shree krishna veg es,partner_menus.json,273,shree krishna veg menues,Corn Masala,,330,,,161.8425236690598,,,,2025-12-16T13:42:42.743931,True,manual_review,1.0,161.18901569371718,0.7
ac4ec427-274,ac4ec427,shree krishna veg es,partner_menus.json,274,shree krishna veg menues,Cheese Peas Curry,,320,,,191.11333107459507,,,,2025-12-16T13:42:42.743935,True,manual_review,1.0,190.60545541394328,0.7
ac4ec427-275,ac4ec427,shree krishna veg es,partner_menus.json,275,shree krishna veg menues,Mushroom Masala,,290,,,181.1403033035112,,,,2025-12-16T13:42:42.743940,True,manual_review,1.0,180.9777743131996,0.7
ac4ec427-276,ac4ec427,shree krishna veg es,partner_menus.json,276,shree krishna veg menues,Chana Masala,,280,,,181.1403033035112,,,,2025-12-16T13:42:42.743944,True,manual_review,1.0,180.54234649385654,0.7
ac4ec427-277,ac4ec427,shree krishna veg es,partner_menus.json,277,shree krishna veg menues,Plain Palak,,300,,,199.71412275785613,,,,2025-12-16T13:42:42.743948,True,manual_review,1.0,199.68977362834264,0.7
ac4ec427-278,ac4ec427,shree krishna veg es,partner_menus.json,278,shree krishna veg menues,Lasuni Methi,,300,,,188.69778242687508,,,,2025-12-16T13:42:42.743953,True,manual_review,1.0,188.86233868867808,0.7
ac4ec427-279,ac4ec427,shree krishna veg es,partner_menus.json,279,shree krishna veg menues,Green Peas Masala....,,280,,,181.1403033035112,,,,2025-12-16T13:42:42.743958,True,manual_review,1.0,181.4665248627389,0.7
ac4ec427-280,ac4ec427,shree krishna veg es,partner_menus.json,280,shree krishna veg menues,Alu Jeera,,270,,,188.69778242687508,,,,2025-12-16T13:42:42.743962,True,manual_review,1.0,188.84184194859236,0.7
ac4ec427-281,ac4ec427,shree krishna veg es,partner_menus.json,281,shree krishna veg menues,Alu Muttar,,260,,,188.69778242687508,,,,2025-12-16T13:42:42.743967,True,manual_review,1.0,188.86651210643876,0.7
ac4ec427-282,ac4ec427,shree krishna veg es,partner_menus.json,282,shree krishna veg menues,Alu Gobi,,260,,,188.69778242687508,,,,2025-12-16T13:42:42.743971,True,manual_review,1.0,188.86651210643876,0.7
ac4ec427-283,ac4ec427,shree krishna veg es,partner_menus.json,283,shree krishna veg menues,Alu Methi,,260,,,188.69778242687508,,,,2025-12-16T13:42:42.743976,True,manual_review,1.0,188.63303679843276,0.7
ac4ec427-284,ac4ec427,shree krishna veg es,partner_menus.json,284,shree krishna veg menues,Alu Palak,,260,,,199.71412275785613,,,,2025-12-16T13:42:42.743980,True,manual_review,1.0,199.65138739255298,0.7
ac4ec427-285,ac4ec427,shree krishna veg es,partner_menus.json,285,shree krishna veg menues,Hyderabadi Biryani,,330,,,186.36388550844148,,,,2025-12-16T13:42:42.743985,True,manual_review,1.0,186.73041948668404,0.7
ac4ec427-286,ac4ec427,shree krishna veg es,partner_menus.json,286,shree krishna veg menues,Veg Biryani,,330,,,196.44814196645152,,,,2025-12-16T13:42:42.743989,True,manual_review,1.0,195.15217838155235,0.7
ac4ec427-287,ac4ec427,shree krishna veg es,partner_menus.json,287,shree krishna veg menues,Dal Khichadi,,290,,,172.74079288325603,,,,2025-12-16T13:42:42.743998,True,manual_review,1.0,172.49905165012,0.7
ac4ec427-288,ac4ec427,shree krishna veg es,partner_menus.json,288,shree krishna veg menues,Palak Khichadi,,270,,,199.71412275785613,,,,2025-12-16T13:42:42.744006,True,manual_review,1.0,199.4751246792988,0.7
ac4ec427-289,ac4ec427,shree krishna veg es,partner_menus.json,289,shree krishna veg menues,Khichadi Kadhi,,310,,,188.69778242687508,,,,2025-12-16T13:42:42.744014,True,manual_review,1.0,191.248327033821,0.7
ac4ec427-290,ac4ec427,shree krishna veg es,partner_menus.json,290,shree krishna veg menues,Peas Pulao,,260,,,190.0019698106006,,,,2025-12-16T13:42:42.744023,True,manual_review,1.0,189.76681220884316,0.7
ac4ec427-291,ac4ec427,shree krishna veg es,partner_menus.json,291,shree krishna veg menues,Dum Biryani,,340,,,186.36388550844148,,,,2025-12-16T13:42:42.744031,True,manual_review,1.0,187.96740433399614,0.7
ac4ec427-292,ac4ec427,shree krishna veg es,partner_menus.json,292,shree krishna veg menues,Paneer Tikka Biryani.,,330,,,203.6810337909876,,,,2025-12-16T13:42:42.744039,True,manual_review,1.0,206.5136075569115,0.7
ac4ec427-293,ac4ec427,shree krishna veg es,partner_menus.json,293,shree krishna veg menues,Paneer Pulao,,315,,,216.4036885085557,,,,2025-12-16T13:42:42.744047,True,manual_review,1.0,217.76198696429788,0.7
ac4ec427-294,ac4ec427,shree krishna veg es,partner_menus.json,294,shree krishna veg menues,Kashmiri Pulao,,305,,,190.0019698106006,,,,2025-12-16T13:42:42.744055,True,manual_review,1.0,189.30588084692545,0.7
ac4ec427-295,ac4ec427,shree krishna veg es,partner_menus.json,295,shree krishna veg menues,Cheese Pulao.,,315,,,190.0019698106006,,,,2025-12-16T13:42:42.744063,True,manual_review,1.0,189.3444261260912,0.7
ac4ec427-296,ac4ec427,shree krishna veg es,partner_menus.json,296,shree krishna veg menues,Dahi Khichadi,,310,,,188.69778242687508,,,,2025-12-16T13:42:42.744071,True,manual_review,1.0,189.12437954962357,0.7
ac4ec427-297,ac4ec427,shree krishna veg es,partner_menus.json,297,shree krishna veg menues,Subz Pulao,,280,,,190.0019698106006,,,,2025-12-16T13:42:42.744079,True,manual_review,1.0,189.65220182365724,0.7
ac4ec427-298,ac4ec427,shree krishna veg es,partner_menus.json,298,shree krishna veg menues,Jeera Rice,,190,,,182.40524485465272,,,,2025-12-16T13:42:42.744088,True,manual_review,1.0,181.42104476819972,0.7
ac4ec427-299,ac4ec427,shree krishna veg es,partner_menus.json,299,shree krishna veg menues,Curd Rice,,240,,,182.40524485465272,,,,2025-12-16T13:42:42.744096,True,manual_review,1.0,182.26367537782988,0.7
ac4ec427-300,ac4ec427,shree krishna veg es,partner_menus.json,300,shree krishna veg menues,Steam Rice,,170,,,182.40524485465272,,,,2025-12-16T13:42:42.744105,True,manual_review,1.0,182.55358331850627,0.7
ac4ec427-301,ac4ec427,shree krishna veg es,partner_menus.json,301,shree krishna veg menues,Veg Item. Vegetable Manchurian,,310,,,199.0912970828267,,,,2025-12-16T13:42:42.744113,True,manual_review,1.0,198.6661866500715,0.7
ac4ec427-302,ac4ec427,shree krishna veg es,partner_menus.json,302,shree krishna veg menues,Chilli Paneer,,330,,,217.7053222501472,,,,2025-12-16T13:42:42.744121,True,manual_review,1.0,217.73600770796847,0.7
ac4ec427-303,ac4ec427,shree krishna veg es,partner_menus.json,303,shree krishna veg menues,Spring Rolls,,330,,,188.69778242687508,,,,2025-12-16T13:42:42.744129,True,manual_review,1.0,188.96238014048672,0.7
ac4ec427-304,ac4ec427,shree krishna veg es,partner_menus.json,304,shree krishna veg menues,Paneer Satay,,350,,,217.7053222501472,,,,2025-12-16T13:42:42.744140,True,manual_review,1.0,217.6998543943877,0.7
ac4ec427-305,ac4ec427,shree krishna veg es,partner_menus.json,305,shree krishna veg menues,Crispy Paneer.,,350,,,217.7053222501472,,,,2025-12-16T13:42:42.744148,True,manual_review,1.0,218.10506511003123,0.7
ac4ec427-306,ac4ec427,shree krishna veg es,partner_menus.json,306,shree krishna veg menues,Kungpao Paneer,,350,,,217.7053222501472,,,,2025-12-16T13:42:42.744157,True,manual_review,1.0,217.53563249494366,0.7
ac4ec427-307,ac4ec427,shree krishna veg es,partner_menus.json,307,shree krishna veg menues,Crispy Vegetables,,340,,,188.69778242687508,,,,2025-12-16T13:42:42.744165,True,manual_review,1.0,188.9901255640407,0.7
ac4ec427-308,ac4ec427,shree krishna veg es,partner_menus.json,308,shree krishna veg menues,Honey Corn Chilli Paneer.,,350,,,194.540866445342,,,,2025-12-16T13:42:42.744173,True,manual_review,1.0,194.96038336962167,0.7
ac4ec427-309,ac4ec427,shree krishna veg es,partner_menus.json,309,shree krishna veg menues,Shanghai Paneer.,,350,,,217.7053222501472,,,,2025-12-16T13:42:42.744181,True,manual_review,1.0,217.53563249494366,0.7
ac4ec427-310,ac4ec427,shree krishna veg es,partner_menus.json,310,shree krishna veg menues,Noodle Crispy Paneer,,330,,,217.7053222501472,,,,2025-12-16T13:42:42.744190,True,manual_review,1.0,216.90579716897872,0.7
ac4ec427-311,ac4ec427,shree krishna veg es,partner_menus.json,311,shree krishna veg menues,Vegetable Lollipop,,330,,,188.69778242687508,,,,2025-12-16T13:42:42.744198,True,manual_review,1.0,188.94572621068514,0.7
ac4ec427-312,ac4ec427,shree krishna veg es,partner_menus.json,312,shree krishna veg menues,Shezwan Tikka Paneer.,,340,,,207.66293638986184,,,,2025-12-16T13:42:42.744207,True,manual_review,1.0,207.49756304008736,0.7
ac4ec427-313,ac4ec427,shree krishna veg es,partner_menus.json,313,shree krishna veg menues,Paneer Hot Pan,,340,,,217.7053222501472,,,,2025-12-16T13:42:42.744215,True,manual_review,1.0,214.61969497304423,0.7
ac4ec427-314,ac4ec427,shree krishna veg es,partner_menus.json,314,shree krishna veg menues,Black Pepper Paneer.,,330,,,217.7053222501472,,,,2025-12-16T13:42:42.744224,True,manual_review,1.0,217.11803326264123,0.7
ac4ec427-315,ac4ec427,shree krishna veg es,partner_menus.json,315,shree krishna veg menues,Baby Corn Golden Fried,,320,,,167.7604752453036,,,,2025-12-16T13:42:42.744232,True,manual_review,1.0,169.88025385371446,0.7
ac4ec427-316,ac4ec427,shree krishna veg es,partner_menus.json,316,shree krishna veg menues,Plain Pav Bhaji,,195,,,188.69778242687508,,,,2025-12-16T13:42:42.744240,True,manual_review,1.0,189.91430054558606,0.7
ac4ec427-317,ac4ec427,shree krishna veg es,partner_menus.json,317,shree krishna veg menues,Butter Pav,,70,,,197.31808783195584,,,,2025-12-16T13:42:42.744249,True,manual_review,1.0,196.92295885848213,0.7
ac4ec427-318,ac4ec427,shree krishna veg es,partner_menus.json,318,shree krishna veg menues,Tawa Pulav,,290,,,188.69778242687508,,,,2025-12-16T13:42:42.744257,True,manual_review,1.0,192.02074469445054,0.7
ac4ec427-319,ac4ec427,shree krishna veg es,partner_menus.json,319,shree krishna veg menues,Paneer Pav Bhaji,,215,,,217.7053222501472,,,,2025-12-16T13:42:42.744265,True,manual_review,1.0,217.114886141106,0.7
ac4ec427-320,ac4ec427,shree krishna veg es,partner_menus.json,320,shree krishna veg menues,Paneer Tawa Pulav,,320,,,217.7053222501472,,,,2025-12-16T13:42:42.744273,True,manual_review,1.0,216.85764374248214,0.7
ac4ec427-321,ac4ec427,shree krishna veg es,partner_menus.json,321,shree krishna veg menues,Jain Pav Bhaji,,230,,,188.69778242687508,,,,2025-12-16T13:42:42.744282,True,manual_review,1.0,189.19230457643278,0.7
ac4ec427-322,ac4ec427,shree krishna veg es,partner_menus.json,322,shree krishna veg menues,Cheese Tawa Pulav,,320,,,188.69778242687508,,,,2025-12-16T13:42:42.744290,True,manual_review,1.0,189.83402948813026,0.7
ac4ec427-323,ac4ec427,shree krishna veg es,partner_menus.json,323,shree krishna veg menues,Masala Pav,,170,,,181.1403033035112,,,,2025-12-16T13:42:42.744298,True,manual_review,1.0,181.28569253409296,0.7
ac4ec427-324,ac4ec427,shree krishna veg es,partner_menus.json,324,shree krishna veg menues,Cheese Pav Bhaji,,215,,,188.69778242687508,,,,2025-12-16T13:42:42.744306,True,manual_review,1.0,188.96402825599478,0.7
ac4ec427-325,ac4ec427,shree krishna veg es,partner_menus.json,325,shree krishna veg menues,Only Bhaji,,150,,,188.69778242687508,,,,2025-12-16T13:42:42.744317,True,manual_review,1.0,189.0725494139592,0.7
ac4ec427-326,ac4ec427,shree krishna veg es,partner_menus.json,326,shree krishna veg menues,Khada Pav Bhaji,,220,,,188.69778242687508,,,,2025-12-16T13:42:42.744325,True,manual_review,1.0,189.1389234579103,0.7
ac4ec427-327,ac4ec427,shree krishna veg es,partner_menus.json,327,shree krishna veg menues,Khada Bhaji,,180,,,188.69778242687508,,,,2025-12-16T13:42:42.744334,True,manual_review,1.0,190.12048110185592,0.7
ac4ec427-328,ac4ec427,shree krishna veg es,partner_menus.json,328,shree krishna veg menues,Jain Paneer Kofta,,370,,,217.7053222501472,,,,2025-12-16T13:42:42.744342,True,manual_review,1.0,216.73592783636695,0.7
ac4ec427-329,ac4ec427,shree krishna veg es,partner_menus.json,329,shree krishna veg menues,Jain Paneer Masala,,360,,,208.59596809128143,,,,2025-12-16T13:42:42.744350,True,manual_review,1.0,209.402276896186,0.7
ac4ec427-330,ac4ec427,shree krishna veg es,partner_menus.json,330,shree krishna veg menues,Jain Kaju Masala,,360,,,181.1403033035112,,,,2025-12-16T13:42:42.744358,True,manual_review,1.0,181.8792012118442,0.7
ac4ec427-331,ac4ec427,shree krishna veg es,partner_menus.json,331,shree krishna veg menues,Jain Kaju Curry,,360,,,191.11333107459507,,,,2025-12-16T13:42:42.744367,True,manual_review,1.0,190.43383380937232,0.7
ac4ec427-332,ac4ec427,shree krishna veg es,partner_menus.json,332,shree krishna veg menues,Jain Paneer Pulao,,330,,,216.4036885085557,,,,2025-12-16T13:42:42.744375,True,manual_review,1.0,215.68747120238058,0.7
ac4ec427-333,ac4ec427,shree krishna veg es,partner_menus.json,333,shree krishna veg menues,Jain Palak Paneer,,330,,,233.9851659676474,,,,2025-12-16T13:42:42.744383,True,manual_review,1.0,232.59862403366037,0.7
ac4ec427-334,ac4ec427,shree krishna veg es,partner_menus.json,334,shree krishna veg menues,Jain Green Peas Pulao,,280,,,190.0019698106006,,,,2025-12-16T13:42:42.744391,True,manual_review,1.0,190.3027345702921,0.7
ac4ec427-335,ac4ec427,shree krishna veg es,partner_menus.json,335,shree krishna veg menues,Jain Cheese Pulao,,330,,,190.0019698106006,,,,2025-12-16T13:42:42.744400,True,manual_review,1.0,190.24582246601244,0.7
ac4ec427-336,ac4ec427,shree krishna veg es,partner_menus.json,336,shree krishna veg menues,Jain Chana Masala,,290,,,181.1403033035112,,,,2025-12-16T13:42:42.744408,True,manual_review,1.0,181.89993523316826,0.7
ac4ec427-337,ac4ec427,shree krishna veg es,partner_menus.json,337,shree krishna veg menues,Jain Green Peas Masala,,300,,,181.1403033035112,,,,2025-12-16T13:42:42.744416,True,manual_review,1.0,183.0668241066651,0.7
ac4ec427-338,ac4ec427,shree krishna veg es,partner_menus.json,338,shree krishna veg menues,Jain Dal Fry,,280,,,172.74079288325603,,,,2025-12-16T13:42:42.744424,True,manual_review,1.0,173.41368829241026,0.7
ac4ec427-339,ac4ec427,shree krishna veg es,partner_menus.json,339,shree krishna veg menues,Naan Butter,,85,,,197.31808783195584,,,,2025-12-16T13:42:42.744432,True,manual_review,1.0,197.24359283188508,0.7
ac4ec427-340,ac4ec427,shree krishna veg es,partner_menus.json,340,shree krishna veg menues,Roti Plain,,45,,,188.69778242687508,,,,2025-12-16T13:42:42.744441,True,manual_review,1.0,188.74864076577722,0.7
ac4ec427-341,ac4ec427,shree krishna veg es,partner_menus.json,341,shree krishna veg menues,Paneer Paratha,,160,,,217.7053222501472,,,,2025-12-16T13:42:42.744449,True,manual_review,1.0,217.97247854988774,0.7
ac4ec427-342,ac4ec427,shree krishna veg es,partner_menus.json,342,shree krishna veg menues,Cheese Paratha,,170,,,188.69778242687508,,,,2025-12-16T13:42:42.744457,True,manual_review,1.0,188.61442493290966,0.7
ac4ec427-343,ac4ec427,shree krishna veg es,partner_menus.json,343,shree krishna veg menues,Roti Butter,,60,,,197.31808783195584,,,,2025-12-16T13:42:42.744466,True,manual_review,1.0,197.16272670185572,0.7
ac4ec427-344,ac4ec427,shree krishna veg es,partner_menus.json,344,shree krishna veg menues,Methi Roti,,95,,,188.69778242687508,,,,2025-12-16T13:42:42.744476,True,manual_review,1.0,188.72861594012053,0.7
ac4ec427-345,ac4ec427,shree krishna veg es,partner_menus.json,345,shree krishna veg menues,Alu Paratha,,140,,,188.69778242687508,,,,2025-12-16T13:42:42.744484,True,manual_review,1.0,188.68942733574292,0.7
ac4ec427-346,ac4ec427,shree krishna veg es,partner_menus.json,346,shree krishna veg menues,Methi Paratha,,140,,,188.69778242687508,,,,2025-12-16T13:42:42.744493,True,manual_review,1.0,188.7202542195136,0.7
ac4ec427-347,ac4ec427,shree krishna veg es,partner_menus.json,347,shree krishna veg menues,Garlic Naan,,105,,,188.69778242687508,,,,2025-12-16T13:42:42.744501,True,manual_review,1.0,188.34402619038136,0.7
ac4ec427-348,ac4ec427,shree krishna veg es,partner_menus.json,348,shree krishna veg menues,Cheese Naan,,120,,,188.69778242687508,,,,2025-12-16T13:42:42.744509,True,manual_review,1.0,188.95381735918147,0.7
ac4ec427-349,ac4ec427,shree krishna veg es,partner_menus.json,349,shree krishna veg menues,Stuffed Kulcha,,105,,,188.69778242687508,,,,2025-12-16T13:42:42.744517,True,manual_review,1.0,188.89630486686767,0.7
ac4ec427-350,ac4ec427,shree krishna veg es,partner_menus.json,350,shree krishna veg menues,Onion Kulcha,,95,,,188.69778242687508,,,,2025-12-16T13:42:42.744525,True,manual_review,1.0,188.89630486686767,0.7
ac4ec427-351,ac4ec427,shree krishna veg es,partner_menus.json,351,shree krishna veg menues,Cheese Butter,,130,,,197.31808783195584,,,,2025-12-16T13:42:42.744534,True,manual_review,1.0,195.7751706760605,0.7
ac4ec427-352,ac4ec427,shree krishna veg es,partner_menus.json,352,shree krishna veg menues,Bhatura,,110,,,188.69778242687508,,,,2025-12-16T13:42:42.744542,True,manual_review,1.0,188.3833819863928,0.7
ac4ec427-353,ac4ec427,shree krishna veg es,partner_menus.json,353,shree krishna veg menues,Kulcha Butter,,95,,,197.31808783195584,,,,2025-12-16T13:42:42.744551,True,manual_review,1.0,197.13190165000748,0.7
ac4ec427-354,ac4ec427,shree krishna veg es,partner_menus.json,354,shree krishna veg menues,Paratha Butter,,85,,,197.31808783195584,,,,2025-12-16T13:42:42.744559,True,manual_review,1.0,197.1754558068646,0.7
ac4ec427-355,ac4ec427,shree krishna veg es,partner_menus.json,355,shree krishna veg menues,Naan Plain,,70,,,188.69778242687508,,,,2025-12-16T13:42:42.744567,True,manual_review,1.0,188.84698956665153,0.7
ac4ec427-356,ac4ec427,shree krishna veg es,partner_menus.json,356,shree krishna veg menues,Pudina Roti,,95,,,188.69778242687508,,,,2025-12-16T13:42:42.744575,True,manual_review,1.0,190.09202471511702,0.7
ac4ec427-357,ac4ec427,shree krishna veg es,partner_menus.json,357,shree krishna veg menues,Missi Roti,,80,,,188.69778242687508,,,,2025-12-16T13:42:42.744583,True,manual_review,1.0,188.92981842260326,0.7
ac4ec427-358,ac4ec427,shree krishna veg es,partner_menus.json,358,shree krishna veg menues,Paratha Plain,,75,,,188.69778242687508,,,,2025-12-16T13:42:42.744592,True,manual_review,1.0,188.7380255973725,0.7
ac4ec427-359,ac4ec427,shree krishna veg es,partner_menus.json,359,shree krishna veg menues,Veg Item. Schezwan Noodles,,330,,,199.0912970828267,,,,2025-12-16T13:42:42.744600,True,manual_review,1.0,198.62283470713206,0.7
ac4ec427-360,ac4ec427,shree krishna veg es,partner_menus.json,360,shree krishna veg menues,Hakka Noodles,,290,,,188.69778242687508,,,,2025-12-16T13:42:42.744608,True,manual_review,1.0,188.91050771602312,0.7
ac4ec427-361,ac4ec427,shree krishna veg es,partner_menus.json,361,shree krishna veg menues,Veg Manchurian,,310,,,199.0912970828267,,,,2025-12-16T13:42:42.744616,True,manual_review,1.0,198.25702377635002,0.7
ac4ec427-362,ac4ec427,shree krishna veg es,partner_menus.json,362,shree krishna veg menues,Paneer Manchurian,,310,,,217.7053222501472,,,,2025-12-16T13:42:42.744625,True,manual_review,1.0,218.40574339769606,0.7
ac4ec427-363,ac4ec427,shree krishna veg es,partner_menus.json,363,shree krishna veg menues,Vegetable Chow Mein,,310,,,188.69778242687508,,,,2025-12-16T13:42:42.744634,True,manual_review,1.0,188.96034002695902,0.7
ac4ec427-364,ac4ec427,shree krishna veg es,partner_menus.json,364,shree krishna veg menues,American Chopsuey,,330,,,188.69778242687508,,,,2025-12-16T13:42:42.744642,True,manual_review,1.0,188.96238014048672,0.7
ac4ec427-365,ac4ec427,shree krishna veg es,partner_menus.json,365,shree krishna veg menues,Singapori Chilli Noodles,,310,,,188.69778242687508,,,,2025-12-16T13:42:42.744650,True,manual_review,1.0,189.19562177687166,0.7
ac4ec427-366,ac4ec427,shree krishna veg es,partner_menus.json,366,shree krishna veg menues,Mushroom Manchurian.,,310,,,188.69778242687508,,,,2025-12-16T13:42:42.744658,True,manual_review,1.0,191.5891615586062,0.7
ac4ec427-367,ac4ec427,shree krishna veg es,partner_menus.json,367,shree krishna veg menues,Veg Schezwan,,310,,,199.0912970828267,,,,2025-12-16T13:42:42.744667,True,manual_review,1.0,198.21432304213627,0.7
ac4ec427-368,ac4ec427,shree krishna veg es,partner_menus.json,368,shree krishna veg menues,Veg Hot Garlic Sauce,,310,,,199.0912970828267,,,,2025-12-16T13:42:42.744675,True,manual_review,1.0,198.3943204719482,0.7
ac4ec427-369,ac4ec427,shree krishna veg es,partner_menus.json,369,shree krishna veg menues,Paneer Schezwan,,310,,,217.7053222501472,,,,2025-12-16T13:42:42.744683,True,manual_review,1.0,218.27943694367303,0.7
ac4ec427-370,ac4ec427,shree krishna veg es,partner_menus.json,370,shree krishna veg menues,Cream Of Tomato Soup,,190,,,188.69778242687508,,,,2025-12-16T13:42:42.744692,True,manual_review,1.0,188.94610537548195,0.7
ac4ec427-371,ac4ec427,shree krishna veg es,partner_menus.json,371,shree krishna veg menues,Veg Item. Cream Of Brocolli,,205,,,199.0912970828267,,,,2025-12-16T13:42:42.744700,True,manual_review,1.0,197.32834207817135,0.7
ac4ec427-372,ac4ec427,shree krishna veg es,partner_menus.json,372,shree krishna veg menues,Manchow Soup.,,195,,,188.69778242687508,,,,2025-12-16T13:42:42.744708,True,manual_review,1.0,188.6554705063731,0.7
ac4ec427-373,ac4ec427,shree krishna veg es,partner_menus.json,373,shree krishna veg menues,Manchow Soup,,195,,,188.69778242687508,,,,2025-12-16T13:42:42.744716,True,manual_review,1.0,188.6554705063731,0.7
ac4ec427-374,ac4ec427,shree krishna veg es,partner_menus.json,374,shree krishna veg menues,Tomyum Soup,,215,,,188.69778242687508,,,,2025-12-16T13:42:42.744725,True,manual_review,1.0,188.67877259566583,0.7
ac4ec427-375,ac4ec427,shree krishna veg es,partner_menus.json,375,shree krishna veg menues,Wonton Noodle Soup,,210,,,188.69778242687508,,,,2025-12-16T13:42:42.744733,True,manual_review,1.0,191.9524025868279,0.7
ac4ec427-376,ac4ec427,shree krishna veg es,partner_menus.json,376,shree krishna veg menues,Sweet Corn Soup,,195,,,167.7604752453036,,,,2025-12-16T13:42:42.744742,True,manual_review,1.0,168.80870555585034,0.7
ac4ec427-377,ac4ec427,shree krishna veg es,partner_menus.json,377,shree krishna veg menues,Spinach Soup,,195,,,197.0051678636547,,,,2025-12-16T13:42:42.744751,True,manual_review,1.0,197.20796396269574,0.7
ac4ec427-378,ac4ec427,shree krishna veg es,partner_menus.json,378,shree krishna veg menues,Wonton Soup,,200,,,188.69778242687508,,,,2025-12-16T13:42:42.744759,True,manual_review,1.0,188.65095763725793,0.7
ac4ec427-379,ac4ec427,shree krishna veg es,partner_menus.json,379,shree krishna veg menues,Cream Of Mashroom Soup,,195,,,188.69778242687508,,,,2025-12-16T13:42:42.744767,True,manual_review,1.0,188.82248099999032,0.7
ac4ec427-380,ac4ec427,shree krishna veg es,partner_menus.json,380,shree krishna veg menues,Cream Of Veg Soup,,195,,,199.0912970828267,,,,2025-12-16T13:42:42.744775,True,manual_review,1.0,198.47402353750942,0.7
ac4ec427-381,ac4ec427,shree krishna veg es,partner_menus.json,381,shree krishna veg menues,Lemon Coriander Soup,,185,,,188.69778242687508,,,,2025-12-16T13:42:42.744783,True,manual_review,1.0,190.61228987792296,0.7
ac4ec427-382,ac4ec427,shree krishna veg es,partner_menus.json,382,shree krishna veg menues,Vegetable Clear Soup,,185,,,188.69778242687508,,,,2025-12-16T13:42:42.744792,True,manual_review,1.0,189.55643352041966,0.7
ac4ec427-383,ac4ec427,shree krishna veg es,partner_menus.json,383,shree krishna veg menues,Hot & Sour Soup,,185,,,188.69778242687508,,,,2025-12-16T13:42:42.744800,True,manual_review,1.0,189.01925393210252,0.7
ac4ec427-384,ac4ec427,shree krishna veg es,partner_menus.json,384,shree krishna veg menues,Multani Mushroom,,320,,,188.69778242687508,,,,2025-12-16T13:42:42.744810,True,manual_review,1.0,188.9758329620181,0.7
ac4ec427-385,ac4ec427,shree krishna veg es,partner_menus.json,385,shree krishna veg menues,Peri Peri Tikka Paneer,,310,,,242.3113252808064,,,,2025-12-16T13:42:42.744821,True,manual_review,1.0,242.16442510619106,0.7
ac4ec427-386,ac4ec427,shree krishna veg es,partner_menus.json,386,shree krishna veg menues,Reshmi Tikka,,310,,,180.4022024350751,,,,2025-12-16T13:42:42.744829,True,manual_review,1.0,183.56810145371446,0.7
ac4ec427-387,ac4ec427,shree krishna veg es,partner_menus.json,387,shree krishna veg menues,Paneer Angara........,,310,,,217.7053222501472,,,,2025-12-16T13:42:42.744838,True,manual_review,1.0,217.6998543943877,0.7
ac4ec427-388,ac4ec427,shree krishna veg es,partner_menus.json,388,shree krishna veg menues,Hara Bhara Kebab,,290,,,188.69778242687508,,,,2025-12-16T13:42:42.744846,True,manual_review,1.0,189.16868882160654,0.7
ac4ec427-389,ac4ec427,shree krishna veg es,partner_menus.json,389,shree krishna veg menues,"Paneer Akbari, Malai Kebab (Sweet)",,310,,,217.7053222501472,,,,2025-12-16T13:42:42.744857,True,manual_review,1.0,216.80251352054685,0.7
ac4ec427-390,ac4ec427,shree krishna veg es,partner_menus.json,390,shree krishna veg menues,Veg Seekh Kabab,,300,,,199.0912970828267,,,,2025-12-16T13:42:42.744865,True,manual_review,1.0,198.710530440927,0.7
ac4ec427-391,ac4ec427,shree krishna veg es,partner_menus.json,391,shree krishna veg menues,Baby Corn Tandoor,,300,,,167.7604752453036,,,,2025-12-16T13:42:42.744873,True,manual_review,1.0,168.2640749370667,0.7
ac4ec427-392,ac4ec427,shree krishna veg es,partner_menus.json,392,shree krishna veg menues,Gadbad,,295,,,188.69778242687508,,,,2025-12-16T13:42:42.744881,True,manual_review,1.0,188.7159131447382,0.7
ac4ec427-393,ac4ec427,shree krishna veg es,partner_menus.json,393,shree krishna veg menues,Dry Fruit Falooda,,260,,,167.7604752453036,,,,2025-12-16T13:42:42.744889,True,manual_review,1.0,169.07640143112073,0.7
ac4ec427-394,ac4ec427,shree krishna veg es,partner_menus.json,394,shree krishna veg menues,Sp. Falooda Kesar Kulfi,,260,,,188.69778242687508,,,,2025-12-16T13:42:42.744897,True,manual_review,1.0,188.88362621447678,0.7
ac4ec427-395,ac4ec427,shree krishna veg es,partner_menus.json,395,shree krishna veg menues,Special Fruit Salad,,210,,,158.29127170346692,,,,2025-12-16T13:42:42.744906,True,manual_review,1.0,161.2526493820385,0.7
ac4ec427-396,ac4ec427,shree krishna veg es,partner_menus.json,396,shree krishna veg menues,Fruit Plate With Cream,,270,,,167.7604752453036,,,,2025-12-16T13:42:42.744914,True,manual_review,1.0,169.38911668015209,0.7
ac4ec427-397,ac4ec427,shree krishna veg es,partner_menus.json,397,shree krishna veg menues,Special Fruit Salad With Icecream,,245,,,158.29127170346692,,,,2025-12-16T13:42:42.744922,True,manual_review,1.0,172.1898812456499,0.7
ac4ec427-398,ac4ec427,shree krishna veg es,partner_menus.json,398,shree krishna veg menues,Mango Mastani,,240,,,188.69778242687508,,,,2025-12-16T13:42:42.744930,True,manual_review,1.0,188.81115462738134,0.7
ac4ec427-399,ac4ec427,shree krishna veg es,partner_menus.json,399,shree krishna veg menues,Jelly With Ice Cream,,210,,,188.69778242687508,,,,2025-12-16T13:42:42.744938,True,manual_review,1.0,190.58838249924054,0.7
ac4ec427-400,ac4ec427,shree krishna veg es,partner_menus.json,400,shree krishna veg menues,Fruit Salad,,190,,,158.29127170346692,,,,2025-12-16T13:42:42.744947,True,manual_review,1.0,155.8882025142382,0.7
ac4ec427-401,ac4ec427,shree krishna veg es,partner_menus.json,401,shree krishna veg menues,Gulab Jamun (2 Pcs),,130,,,188.69778242687508,,,,2025-12-16T13:42:42.744956,True,manual_review,1.0,191.1842242094656,0.7
ac4ec427-402,ac4ec427,shree krishna veg es,partner_menus.json,402,shree krishna veg menues,Sizzling Brownie,,295,,,188.69778242687508,,,,2025-12-16T13:42:42.744964,True,manual_review,1.0,188.96238014048672,0.7
ac4ec427-403,ac4ec427,shree krishna veg es,partner_menus.json,403,shree krishna veg menues,Fruit Jelly,,190,,,167.7604752453036,,,,2025-12-16T13:42:42.744973,True,manual_review,1.0,168.44746636357218,0.7
ac4ec427-404,ac4ec427,shree krishna veg es,partner_menus.json,404,shree krishna veg menues,Banana Boat,,280,,,170.02089129614987,,,,2025-12-16T13:42:42.744981,True,manual_review,1.0,164.1533477070211,0.7
ac4ec427-405,ac4ec427,shree krishna veg es,partner_menus.json,405,shree krishna veg menues,Spl. Mastani (Mango),,310,,,188.69778242687508,,,,2025-12-16T13:42:42.744989,True,manual_review,1.0,188.56233151178506,0.7
ac4ec427-406,ac4ec427,shree krishna veg es,partner_menus.json,406,shree krishna veg menues,Spl. Mastani (Strawberry).,,310,,,178.65926406475674,,,,2025-12-16T13:42:42.744997,True,manual_review,1.0,179.70171774929514,0.7
ac4ec427-407,ac4ec427,shree krishna veg es,partner_menus.json,407,shree krishna veg menues,Schezwan Garlic Fried Rice,,390,,,182.40524485465272,,,,2025-12-16T13:42:42.745005,True,manual_review,1.0,182.62901222486204,0.7
ac4ec427-408,ac4ec427,shree krishna veg es,partner_menus.json,408,shree krishna veg menues,Triple Schezwan Rice...,,370,,,182.40524485465272,,,,2025-12-16T13:42:42.745013,True,manual_review,1.0,182.77817702435843,0.7
ac4ec427-409,ac4ec427,shree krishna veg es,partner_menus.json,409,shree krishna veg menues,Triple Manchurian Rice,,370,,,182.40524485465272,,,,2025-12-16T13:42:42.745022,True,manual_review,1.0,182.76923174956457,0.7
ac4ec427-410,ac4ec427,shree krishna veg es,partner_menus.json,410,shree krishna veg menues,Burnt Garlic Fried Rice.,,320,,,182.40524485465272,,,,2025-12-16T13:42:42.745030,True,manual_review,1.0,183.12205986097342,0.7
ac4ec427-411,ac4ec427,shree krishna veg es,partner_menus.json,411,shree krishna veg menues,Singapore Fried Rice...,,310,,,182.40524485465272,,,,2025-12-16T13:42:42.745038,True,manual_review,1.0,182.7818178397247,0.7
ac4ec427-412,ac4ec427,shree krishna veg es,partner_menus.json,412,shree krishna veg menues,Dal Tadka,,250,,,176.2319212523665,,,,2025-12-16T13:42:42.745046,True,manual_review,1.0,167.13438566764893,0.7
ac4ec427-413,ac4ec427,shree krishna veg es,partner_menus.json,413,shree krishna veg menues,Dal Kolhapuri Tadka,,280,,,174.6910808060491,,,,2025-12-16T13:42:42.745054,True,manual_review,1.0,174.79187156090708,0.7
ac4ec427-414,ac4ec427,shree krishna veg es,partner_menus.json,414,shree krishna veg menues,Dal Makkhani,,280,,,172.74079288325603,,,,2025-12-16T13:42:42.745062,True,manual_review,1.0,172.77827340120376,0.7
ac4ec427-415,ac4ec427,shree krishna veg es,partner_menus.json,415,shree krishna veg menues,Dhabewali Dal,,290,,,172.74079288325603,,,,2025-12-16T13:42:42.745070,True,manual_review,1.0,172.77827340120376,0.7
ac4ec427-416,ac4ec427,shree krishna veg es,partner_menus.json,416,shree krishna veg menues,Dal Palak,,260,,,184.1669834182779,,,,2025-12-16T13:42:42.745079,True,manual_review,1.0,183.40823213687594,0.7
ac4ec427-417,ac4ec427,shree krishna veg es,partner_menus.json,417,shree krishna veg menues,Dal Fry,,230,,,172.74079288325603,,,,2025-12-16T13:42:42.745087,True,manual_review,1.0,169.88716931927945,0.7
ac4ec427-418,ac4ec427,shree krishna veg es,partner_menus.json,418,shree krishna veg menues,Paneer Chilly Grilled S/W,,240,,,233.52088175011804,,,,2025-12-16T13:42:42.745095,True,manual_review,1.0,233.64297274226084,0.7
ac4ec427-419,ac4ec427,shree krishna veg es,partner_menus.json,419,shree krishna veg menues,Bombay Grill S/W,,200,,,188.69778242687508,,,,2025-12-16T13:42:42.745103,True,manual_review,1.0,188.97261728155738,0.7
ac4ec427-420,ac4ec427,shree krishna veg es,partner_menus.json,420,shree krishna veg menues,Veg Sandwich,,140,,,196.1209971134754,,,,2025-12-16T13:42:42.745111,True,manual_review,1.0,197.00145506001624,0.7
ac4ec427-421,ac4ec427,shree krishna veg es,partner_menus.json,421,shree krishna veg menues,Veg Grill S/W,,200,,,199.0912970828267,,,,2025-12-16T13:42:42.745119,True,manual_review,1.0,197.87093110029193,0.7
ac4ec427-422,ac4ec427,shree krishna veg es,partner_menus.json,422,shree krishna veg menues,Cheese Grill S/W,,180,,,188.69778242687508,,,,2025-12-16T13:42:42.745128,True,manual_review,1.0,188.69769778487793,0.7
ac4ec427-423,ac4ec427,shree krishna veg es,partner_menus.json,423,shree krishna veg menues,Tomato Omelette Toast S/W,,180,,,177.8189192854113,,,,2025-12-16T13:42:42.745136,True,manual_review,1.0,178.21249452725874,0.7
ac4ec427-424,ac4ec427,shree krishna veg es,partner_menus.json,424,shree krishna veg menues,Jam Toast,,115,,,188.69778242687508,,,,2025-12-16T13:42:42.745146,True,manual_review,1.0,190.02789162609926,0.7
ac4ec427-425,ac4ec427,shree krishna veg es,partner_menus.json,425,shree krishna veg menues,Toast Butter,,95,,,197.31808783195584,,,,2025-12-16T13:42:42.745154,True,manual_review,1.0,197.15180217647728,0.7
ac4ec427-426,ac4ec427,shree krishna veg es,partner_menus.json,426,shree krishna veg menues,Bread Butter,,85,,,197.31808783195584,,,,2025-12-16T13:42:42.745162,True,manual_review,1.0,196.98527353315114,0.7
ac4ec427-427,ac4ec427,shree krishna veg es,partner_menus.json,427,shree krishna veg menues,Jam Butter,,95,,,197.31808783195584,,,,2025-12-16T13:42:42.745170,True,manual_review,1.0,197.26850002609595,0.7
ac4ec427-428,ac4ec427,shree krishna veg es,partner_menus.json,428,shree krishna veg menues,Bread Slice 2 Pcs,,60,,,188.69778242687508,,,,2025-12-16T13:42:42.745179,True,manual_review,1.0,191.06058106490946,0.7
ac4ec427-429,ac4ec427,shree krishna veg es,partner_menus.json,429,shree krishna veg menues,Cheese Corn Grill S/W,,210,,,167.7604752453036,,,,2025-12-16T13:42:42.745187,True,manual_review,1.0,171.51699735698855,0.7
ac4ec427-430,ac4ec427,shree krishna veg es,partner_menus.json,430,shree krishna veg menues,Mashroom Corn Grill S/W,,220,,,167.7604752453036,,,,2025-12-16T13:42:42.745195,True,manual_review,1.0,169.09927299435225,0.7
ac4ec427-431,ac4ec427,shree krishna veg es,partner_menus.json,431,shree krishna veg menues,Veg Fingers,,220,,,199.0912970828267,,,,2025-12-16T13:42:42.745204,True,manual_review,1.0,197.89472849260824,0.7
ac4ec427-432,ac4ec427,shree krishna veg es,partner_menus.json,432,shree krishna veg menues,Masala Fries,,180,,,181.1403033035112,,,,2025-12-16T13:42:42.745214,True,manual_review,1.0,181.50187169200774,0.7
ac4ec427-433,ac4ec427,shree krishna veg es,partner_menus.json,433,shree krishna veg menues,Potato Cheese Pops,,220,,,188.69778242687508,,,,2025-12-16T13:42:42.745223,True,manual_review,1.0,189.23442470369457,0.7
ac4ec427-434,ac4ec427,shree krishna veg es,partner_menus.json,434,shree krishna veg menues,Cheese Garlic Bread,,215,,,188.69778242687508,,,,2025-12-16T13:42:42.745231,True,manual_review,1.0,188.18895349726,0.7
ac4ec427-435,ac4ec427,shree krishna veg es,partner_menus.json,435,shree krishna veg menues,Aloo Tikki,,220,,,188.69778242687508,,,,2025-12-16T13:42:42.745239,True,manual_review,1.0,188.96238014048672,0.7
ac4ec427-436,ac4ec427,shree krishna veg es,partner_menus.json,436,shree krishna veg menues,Plain Fries,,180,,,188.69778242687508,,,,2025-12-16T13:42:42.745247,True,manual_review,1.0,188.85637211156802,0.7
ac4ec427-437,ac4ec427,shree krishna veg es,partner_menus.json,437,shree krishna veg menues,Chocolate,,170,,,188.69778242687508,,,,2025-12-16T13:42:42.745256,True,manual_review,1.0,188.7159131447382,0.7
ac4ec427-438,ac4ec427,shree krishna veg es,partner_menus.json,438,shree krishna veg menues,Strawberry,,160,,,178.65926406475674,,,,2025-12-16T13:42:42.745264,True,manual_review,1.0,177.7808233879967,0.7
ac4ec427-439,ac4ec427,shree krishna veg es,partner_menus.json,439,shree krishna veg menues,Butterscotch,,160,,,188.69778242687508,,,,2025-12-16T13:42:42.745272,True,manual_review,1.0,188.7159131447382,0.7
ac4ec427-440,ac4ec427,shree krishna veg es,partner_menus.json,440,shree krishna veg menues,Vanilla,,160,,,188.69778242687508,,,,2025-12-16T13:42:42.745280,True,manual_review,1.0,188.86620823584258,0.7
ac4ec427-441,ac4ec427,shree krishna veg es,partner_menus.json,441,shree krishna veg menues,Matka Kulfi,,120,,,188.69778242687508,,,,2025-12-16T13:42:42.745288,True,manual_review,1.0,188.82140847652155,0.7
ac4ec427-442,ac4ec427,shree krishna veg es,partner_menus.json,442,shree krishna veg menues,Malai Kulfi,,110,,,188.69778242687508,,,,2025-12-16T13:42:42.745297,True,manual_review,1.0,189.83736659600055,0.7
ac4ec427-443,ac4ec427,shree krishna veg es,partner_menus.json,443,shree krishna veg menues,Cassatta,,110,,,188.69778242687508,,,,2025-12-16T13:42:42.745305,True,manual_review,1.0,188.7159131447382,0.7
ac4ec427-444,ac4ec427,shree krishna veg es,partner_menus.json,444,shree krishna veg menues,Stick Kulfi,,90,,,188.69778242687508,,,,2025-12-16T13:42:42.745313,True,manual_review,1.0,188.82140847652155,0.7
ac4ec427-445,ac4ec427,shree krishna veg es,partner_menus.json,445,shree krishna veg menues,Kesar Pista,,170,,,188.69778242687508,,,,2025-12-16T13:42:42.745321,True,manual_review,1.0,190.937434318021,0.7
ac4ec427-446,ac4ec427,shree krishna veg es,partner_menus.json,446,shree krishna veg menues,Pineapple Kaitha,,160,,,188.69778242687508,,,,2025-12-16T13:42:42.745329,True,manual_review,1.0,190.0993885915898,0.7
ac4ec427-447,ac4ec427,shree krishna veg es,partner_menus.json,447,shree krishna veg menues,Boondi Kaitha,,160,,,188.69778242687508,,,,2025-12-16T13:42:42.745337,True,manual_review,1.0,188.94343105068214,0.7
ac4ec427-448,ac4ec427,shree krishna veg es,partner_menus.json,448,shree krishna veg menues,Subz Raitha,,160,,,188.69778242687508,,,,2025-12-16T13:42:42.745345,True,manual_review,1.0,188.8674448543594,0.7
ac4ec427-449,ac4ec427,shree krishna veg es,partner_menus.json,449,shree krishna veg menues,Curd,,150,,,188.69778242687508,,,,2025-12-16T13:42:42.745354,True,manual_review,1.0,188.62260647332346,0.7
ac4ec427-450,ac4ec427,shree krishna veg es,partner_menus.json,450,shree krishna veg menues,Masala Papad,,75,,,181.1403033035112,,,,2025-12-16T13:42:42.745362,True,manual_review,1.0,180.6845643478195,0.7
ac4ec427-451,ac4ec427,shree krishna veg es,partner_menus.json,451,shree krishna veg menues,Cheese Masala Papad,,95,,,181.1403033035112,,,,2025-12-16T13:42:42.745370,True,manual_review,1.0,181.69547472845983,0.7
ac4ec427-452,ac4ec427,shree krishna veg es,partner_menus.json,452,shree krishna veg menues,Fry Papad.,,50,,,188.69778242687508,,,,2025-12-16T13:42:42.745380,True,manual_review,1.0,189.23597302958336,0.7
ac4ec427-453,ac4ec427,shree krishna veg es,partner_menus.json,453,shree krishna veg menues,Roasted Papad,,45,,,207.15934848547852,,,,2025-12-16T13:42:42.745389,True,manual_review,1.0,207.3832143951011,0.7
ac4ec427-454,ac4ec427,shree krishna veg es,partner_menus.json,454,shree krishna veg menues,Green Salad,,160,,,177.6162903955153,,,,2025-12-16T13:42:42.745397,True,manual_review,1.0,177.32072742739356,0.7
